gene_id,C1,BM1,BM2,C2,C3
CBNIABCL_00001,75,597,520,57,73
CBNIABCL_00002,79,463,455,94,114
CBNIABCL_00003,10,79,40,3,15
CBNIABCL_00004,56,355,328,39,49
CBNIABCL_00005,565,2305,2466,414,510
CBNIABCL_00006,474,2501,2048,322,439
CBNIABCL_00007,751,4889,5639,598,751
CBNIABCL_00008,335,1701,2111,218,335
CBNIABCL_00009,264,2501,2362,173,209
CBNIABCL_00010,530,1677,1660,485,534
CBNIABCL_00011,101,1045,1264,75,108
CBNIABCL_00012,196,1251,1792,122,176
CBNIABCL_00013,129,895,1169,96,104
CBNIABCL_00014,254,1937,2217,165,290
CBNIABCL_00015,291,1958,2126,164,303
CBNIABCL_00016,151,1533,1419,141,172
CBNIABCL_00017,82,489,437,87,121
CBNIABCL_00018,442,2885,2561,369,458
CBNIABCL_00019,1558,10024,10518,1282,1555
CBNIABCL_00020,274,3196,2932,231,288
CBNIABCL_00021,82,703,846,76,86
CBNIABCL_00022,120,1598,1458,136,123
CBNIABCL_00023,115,1194,1459,89,138
CBNIABCL_00024,274,2201,3305,226,371
CBNIABCL_00025,713,5141,7091,430,826
CBNIABCL_00026,120,1346,1466,83,157
CBNIABCL_00027,27,467,430,40,30
CBNIABCL_00028,23,221,132,18,17
CBNIABCL_00029,17,42,60,5,18
CBNIABCL_00030,48,427,518,31,61
CBNIABCL_00031,651,3830,4354,419,910
CBNIABCL_00032,144,2618,2895,113,318
CBNIABCL_00033,1106,28602,21684,1173,2044
CBNIABCL_00034,157,1090,1015,91,100
CBNIABCL_00035,139,763,821,121,155
CBNIABCL_00036,159,710,1019,154,232
CBNIABCL_00038,212,1515,1568,165,260
CBNIABCL_00039,88,789,801,62,105
CBNIABCL_00040,6,209,159,1,3
CBNIABCL_00041,202,1404,847,182,203
CBNIABCL_00042,1098,5143,4668,740,1147
CBNIABCL_00043,370,2160,1529,317,413
CBNIABCL_00044,871,4070,3904,612,1022
CBNIABCL_00045,316,1519,1117,235,378
CBNIABCL_00046,435,1544,1212,358,556
CBNIABCL_00047,31,169,158,42,49
CBNIABCL_00048,504,1769,1727,306,482
CBNIABCL_00049,159,698,697,144,179
CBNIABCL_00050,150,1035,958,123,153
CBNIABCL_00051,73,518,422,63,68
CBNIABCL_00052,50,440,413,44,44
CBNIABCL_00053,45,217,211,42,32
CBNIABCL_00054,166,1336,1392,125,174
CBNIABCL_00055,127,853,713,105,149
CBNIABCL_00056,390,3087,2680,377,378
CBNIABCL_00057,858,6348,6004,664,889
CBNIABCL_00058,951,7455,8199,641,924
CBNIABCL_00059,412,3568,3386,371,439
CBNIABCL_00060,1504,13694,10657,1411,1247
CBNIABCL_00061,354,1928,2838,282,280
CBNIABCL_00062,119,2770,2026,115,121
CBNIABCL_00064,36,348,239,21,28
CBNIABCL_00065,76,674,700,102,132
CBNIABCL_00066,423,2481,2971,305,481
CBNIABCL_00067,115,1242,1417,130,155
CBNIABCL_00068,199,1558,1746,138,235
CBNIABCL_00069,281,2215,2140,249,288
CBNIABCL_00070,189,2031,1925,187,219
CBNIABCL_00071,106,705,966,95,116
CBNIABCL_00072,50,365,418,28,51
CBNIABCL_00073,74,620,564,62,60
CBNIABCL_00074,68,427,485,46,73
CBNIABCL_00075,61,402,624,66,86
CBNIABCL_00076,747,11404,10280,617,889
CBNIABCL_00077,57,497,689,62,95
CBNIABCL_00078,161,762,1146,116,153
CBNIABCL_00079,58,993,1360,79,91
CBNIABCL_00080,181,2637,2940,156,212
CBNIABCL_00081,508,4124,4501,373,553
CBNIABCL_00082,40,698,612,50,51
CBNIABCL_00083,1,36,8,0,0
CBNIABCL_00084,216,1883,1843,186,250
CBNIABCL_00085,21,357,392,37,27
CBNIABCL_00086,258,1996,3083,251,510
CBNIABCL_00087,57,741,1010,76,83
CBNIABCL_00088,95,821,961,85,118
CBNIABCL_00089,57,793,917,57,76
CBNIABCL_00090,71,584,545,83,106
CBNIABCL_00091,44,487,426,39,60
CBNIABCL_00092,30,474,439,15,22
CBNIABCL_00093,63,391,517,57,67
CBNIABCL_00094,80,1178,1019,61,69
CBNIABCL_00095,0,0,0,0,0
CBNIABCL_00096,23,150,145,13,30
CBNIABCL_00097,143,1119,1129,132,162
CBNIABCL_00098,37,363,406,39,41
CBNIABCL_00099,190,1737,1726,119,211
CBNIABCL_00102,2062,17002,15912,1775,1908
CBNIABCL_00103,831,5218,6471,587,1089
CBNIABCL_00104,72,774,837,77,91
CBNIABCL_00105,87,619,757,59,85
CBNIABCL_00106,175,1580,1591,152,261
CBNIABCL_00107,345,2617,3009,278,551
CBNIABCL_00108,795,7966,7205,586,1051
CBNIABCL_00109,393,5620,4905,326,416
CBNIABCL_00110,493,6297,4538,389,471
CBNIABCL_00111,3204,50136,46961,2507,3296
CBNIABCL_00112,796,14299,12641,620,801
CBNIABCL_00113,194,4235,2969,181,184
CBNIABCL_00114,519,5986,5647,393,505
CBNIABCL_00115,596,4817,5321,455,655
CBNIABCL_00116,388,2436,2857,284,508
CBNIABCL_00117,368,2781,3128,283,426
CBNIABCL_00118,318,3254,3113,321,365
CBNIABCL_00119,5,68,39,2,7
CBNIABCL_00120,44,337,298,34,58
CBNIABCL_00121,2010,11286,15577,1396,2314
CBNIABCL_00122,111,639,737,77,88
CBNIABCL_00123,172,1175,1297,138,242
CBNIABCL_00124,75,454,411,45,98
CBNIABCL_00125,52,385,332,42,113
CBNIABCL_00126,36,332,308,23,49
CBNIABCL_00127,447,3127,3235,251,498
CBNIABCL_00128,487,3104,3456,352,607
CBNIABCL_00129,72,660,589,39,86
CBNIABCL_00130,170,1038,1177,110,190
CBNIABCL_00131,42,336,358,30,37
CBNIABCL_00132,40,313,369,37,26
CBNIABCL_00133,311,2062,2105,205,357
CBNIABCL_00134,99,557,566,62,86
CBNIABCL_00135,140,1227,1296,115,156
CBNIABCL_00136,108,1522,1342,101,132
CBNIABCL_00137,213,2980,2509,135,201
CBNIABCL_00138,143,1193,1172,84,145
CBNIABCL_00139,85,789,890,62,144
CBNIABCL_00140,296,2584,2460,211,359
CBNIABCL_00141,96,794,708,58,78
CBNIABCL_00142,117,1385,1450,84,139
CBNIABCL_00143,500,4152,4302,373,543
CBNIABCL_00144,135,836,880,103,142
CBNIABCL_00145,82,608,536,68,90
CBNIABCL_00146,123,1258,1216,118,131
CBNIABCL_00147,158,1335,1580,164,194
CBNIABCL_00148,923,5511,5383,954,1074
CBNIABCL_00149,282,1479,1344,246,325
CBNIABCL_00150,135,1298,999,118,128
CBNIABCL_00151,273,3082,2896,217,316
CBNIABCL_00152,37,385,280,20,33
CBNIABCL_00153,287,1388,1443,243,297
CBNIABCL_00154,226,1624,940,209,210
CBNIABCL_00155,52,370,315,43,63
CBNIABCL_00156,423,2763,2005,333,427
CBNIABCL_00157,329,2666,2049,306,349
CBNIABCL_00158,1471,6140,5881,1128,1739
CBNIABCL_00159,1998,32359,20016,1789,1670
CBNIABCL_00160,184,1150,680,143,236
CBNIABCL_00161,553,4285,4942,420,513
CBNIABCL_00162,401,4504,3228,324,398
CBNIABCL_00163,251,3135,2594,204,265
CBNIABCL_00164,588,7323,7611,500,616
CBNIABCL_00165,74,828,609,58,72
CBNIABCL_00166,562,4750,4554,361,643
CBNIABCL_00167,281,2400,2556,330,359
CBNIABCL_00168,179,973,982,148,186
CBNIABCL_00169,42,264,367,32,55
CBNIABCL_00170,179,2126,1691,148,146
CBNIABCL_00171,909,7666,7405,818,1049
CBNIABCL_00172,379,3071,2991,292,521
CBNIABCL_00173,192,2024,1962,163,193
CBNIABCL_00174,1129,11388,11396,789,1110
CBNIABCL_00175,259,4543,3342,197,169
CBNIABCL_00176,874,6193,5730,667,1102
CBNIABCL_00178,75,497,522,57,90
CBNIABCL_00179,319,4874,3736,265,330
CBNIABCL_00180,99,2659,2945,80,121
CBNIABCL_00181,285,2595,2074,253,324
CBNIABCL_00182,60,392,342,49,68
CBNIABCL_00183,198,1819,1849,136,227
CBNIABCL_00184,88,770,733,70,98
CBNIABCL_00185,753,4321,4000,654,698
CBNIABCL_00186,128,719,822,92,135
CBNIABCL_00187,309,2009,1794,234,383
CBNIABCL_00188,524,4519,3932,400,623
CBNIABCL_00189,110,770,844,79,107
CBNIABCL_00190,179,1784,1419,151,226
CBNIABCL_00191,570,4850,4944,344,612
CBNIABCL_00192,443,3868,2874,361,527
CBNIABCL_00193,549,5249,4798,405,698
CBNIABCL_00194,3475,20400,26558,1975,4302
CBNIABCL_00195,2834,18348,19562,1527,3732
CBNIABCL_00196,2389,19758,16518,1688,3006
CBNIABCL_00197,1113,10097,8281,818,1098
CBNIABCL_00198,686,3453,3700,540,887
CBNIABCL_00199,7619,56824,61492,3942,9254
CBNIABCL_00200,4086,30720,30171,2212,5063
CBNIABCL_00201,2638,24043,18743,1938,3468
CBNIABCL_00202,47,989,593,40,55
CBNIABCL_00203,194,3545,2155,149,211
CBNIABCL_00204,2444,25074,18837,1943,2730
CBNIABCL_00205,721,4070,3860,439,889
CBNIABCL_00206,162,1050,847,131,177
CBNIABCL_00207,416,3183,3439,274,477
CBNIABCL_00208,379,3908,3418,325,364
CBNIABCL_00209,644,6438,6070,501,580
CBNIABCL_00210,342,2964,2555,316,303
CBNIABCL_00211,68,1109,785,50,67
CBNIABCL_00212,1568,12938,12835,1048,1653
CBNIABCL_00213,254,2695,2138,250,284
CBNIABCL_00214,4705,54206,39767,4178,4440
CBNIABCL_00216,162,1374,1190,167,177
CBNIABCL_00217,74,797,606,59,75
CBNIABCL_00218,94,914,740,71,71
CBNIABCL_00219,544,3374,3688,471,557
CBNIABCL_00220,640,5792,6484,473,714
CBNIABCL_00221,205,2186,1896,183,219
CBNIABCL_00222,73,743,745,61,79
CBNIABCL_00223,325,2237,1979,247,419
CBNIABCL_00224,545,3424,3105,424,689
CBNIABCL_00225,471,3524,2560,404,570
CBNIABCL_00226,185,1176,1092,145,221
CBNIABCL_00227,486,3023,2815,316,741
CBNIABCL_00228,630,4144,3545,533,806
CBNIABCL_00229,436,5825,4119,461,883
CBNIABCL_00230,717,8151,6216,660,1131
CBNIABCL_00231,656,7208,6455,505,851
CBNIABCL_00232,276,2306,1748,243,440
CBNIABCL_00233,218,1995,1715,162,327
CBNIABCL_00234,558,4769,4139,479,706
CBNIABCL_00235,409,3351,3356,324,600
CBNIABCL_00236,103,1228,953,73,133
CBNIABCL_00237,489,4182,3259,428,545
CBNIABCL_00238,843,7029,6775,637,817
CBNIABCL_00239,258,1759,1336,231,221
CBNIABCL_00240,3,224,187,12,11
CBNIABCL_00241,49,260,230,40,38
CBNIABCL_00242,551,5514,5240,423,503
CBNIABCL_00243,474,4511,4533,363,400
CBNIABCL_00244,94,1223,1310,91,104
CBNIABCL_00245,390,4192,3465,341,424
CBNIABCL_00246,1250,7214,6576,1167,1426
CBNIABCL_00247,376,3439,2693,353,358
CBNIABCL_00248,159,1258,938,155,185
CBNIABCL_00249,581,4874,4003,491,565
CBNIABCL_00250,291,1915,1652,215,243
CBNIABCL_00251,691,5435,5477,553,728
CBNIABCL_00252,396,3166,2699,324,377
CBNIABCL_00253,51,870,652,75,59
CBNIABCL_00254,245,1966,2197,193,242
CBNIABCL_00255,1847,12830,14256,1375,2026
CBNIABCL_00256,5278,37636,34364,3809,6552
CBNIABCL_00257,493,4510,3697,429,755
CBNIABCL_00258,632,6378,4424,437,704
CBNIABCL_00259,187,1103,883,164,224
CBNIABCL_00260,212,1248,1043,189,224
CBNIABCL_00261,1425,8453,8110,1119,1549
CBNIABCL_00262,536,3682,3119,454,687
CBNIABCL_00263,301,2121,1897,245,326
CBNIABCL_00264,306,1601,1385,207,319
CBNIABCL_00265,311,3552,2518,268,305
CBNIABCL_00266,69,528,439,60,69
CBNIABCL_00267,123,922,851,101,107
CBNIABCL_00268,146,1243,921,129,152
CBNIABCL_00269,2869,17715,18364,2139,3185
CBNIABCL_00270,1397,8907,8420,1017,1801
CBNIABCL_00271,650,4071,3502,504,624
CBNIABCL_00272,65,1414,1143,52,70
CBNIABCL_00273,322,2284,1909,286,282
CBNIABCL_00274,197,1702,1727,217,218
CBNIABCL_00275,162,1662,1291,146,163
CBNIABCL_00276,198,1502,1451,165,215
CBNIABCL_00277,93,961,804,100,86
CBNIABCL_00278,631,5856,5688,484,682
CBNIABCL_00279,218,1730,2325,150,286
CBNIABCL_00280,55,547,553,47,44
CBNIABCL_00281,178,1957,1662,156,208
CBNIABCL_00282,200,2053,1755,159,200
CBNIABCL_00283,469,3712,3551,359,580
CBNIABCL_00284,87,656,567,49,99
CBNIABCL_00285,517,5201,5823,399,497
CBNIABCL_00286,300,2441,2354,188,258
CBNIABCL_00287,485,4873,4433,406,520
CBNIABCL_00288,130,1587,1221,93,107
CBNIABCL_00289,173,1464,1348,164,161
CBNIABCL_00290,1600,10809,8038,1459,1484
CBNIABCL_00291,266,4136,3163,214,263
CBNIABCL_00292,982,6337,6465,700,1124
CBNIABCL_00293,321,1906,1958,265,318
CBNIABCL_00294,355,3089,2512,244,319
CBNIABCL_00295,246,1794,1667,206,261
CBNIABCL_00296,524,3621,3473,375,570
CBNIABCL_00297,572,4123,3837,447,574
CBNIABCL_00298,425,4180,3741,297,462
CBNIABCL_00299,102,1243,939,88,106
CBNIABCL_00300,152,1270,1736,123,196
CBNIABCL_00301,100,961,830,91,146
CBNIABCL_00302,216,2165,1779,173,260
CBNIABCL_00303,14,870,807,17,7
CBNIABCL_00304,23,688,720,19,14
CBNIABCL_00305,8,516,508,9,7
CBNIABCL_00306,13,456,457,11,9
CBNIABCL_00307,46,1211,1064,29,28
CBNIABCL_00308,6,356,288,8,2
CBNIABCL_00309,59,2341,2275,40,46
CBNIABCL_00310,67,2047,1482,62,71
CBNIABCL_00311,27,749,624,21,22
CBNIABCL_00312,125,4371,4278,96,97
CBNIABCL_00313,169,3012,3054,151,160
CBNIABCL_00314,1,144,91,4,7
CBNIABCL_00315,28,850,774,28,39
CBNIABCL_00316,302,15940,15162,250,304
CBNIABCL_00317,85,4148,3725,76,85
CBNIABCL_00318,9,443,489,5,9
CBNIABCL_00319,4,397,294,7,6
CBNIABCL_00320,12,922,881,12,12
CBNIABCL_00321,53,2948,2972,56,50
CBNIABCL_00322,16,1543,1519,13,26
CBNIABCL_00323,30,1546,1621,23,31
CBNIABCL_00324,34,1367,1369,24,28
CBNIABCL_00325,25,1136,1084,14,7
CBNIABCL_00326,33,215,230,16,30
CBNIABCL_00327,325,5813,5585,353,433
CBNIABCL_00328,485,4886,6340,340,437
CBNIABCL_00329,334,1859,2012,291,392
CBNIABCL_00330,147,1632,1327,145,163
CBNIABCL_00331,96,651,591,92,100
CBNIABCL_00332,134,924,888,109,150
CBNIABCL_00333,68,812,787,49,107
CBNIABCL_00334,282,1773,1977,221,404
CBNIABCL_00335,106,848,748,63,118
CBNIABCL_00336,42,275,254,35,45
CBNIABCL_00337,117,954,952,108,161
CBNIABCL_00338,13,165,139,15,13
CBNIABCL_00339,50,328,274,45,51
CBNIABCL_00340,48,785,821,33,53
CBNIABCL_00341,51,1658,1239,32,51
CBNIABCL_00342,30,955,942,20,29
CBNIABCL_00343,8,246,302,9,14
CBNIABCL_00344,10,148,82,5,12
CBNIABCL_00345,21,233,164,24,21
CBNIABCL_00346,146,1265,1274,118,135
CBNIABCL_00348,226,2114,1927,201,374
CBNIABCL_00349,219,1214,1274,159,321
CBNIABCL_00350,112,1610,1874,90,101
CBNIABCL_00351,17,395,356,24,30
CBNIABCL_00352,26,205,280,23,29
CBNIABCL_00353,12,134,130,9,15
CBNIABCL_00354,150,1130,1348,123,191
CBNIABCL_00355,830,5672,6901,580,954
CBNIABCL_00356,253,2521,2812,222,268
CBNIABCL_00357,762,6947,7598,697,891
CBNIABCL_00358,105,896,1005,80,106
CBNIABCL_00359,75,286,241,41,27
CBNIABCL_00360,21,131,108,24,13
CBNIABCL_00361,8,59,54,6,7
CBNIABCL_00362,933,4303,4478,804,619
CBNIABCL_00363,3,66,41,1,2
CBNIABCL_00364,170,938,965,144,106
CBNIABCL_00365,225,1079,900,177,140
CBNIABCL_00366,136,1176,1202,130,155
CBNIABCL_00367,323,2985,2603,273,241
CBNIABCL_00368,296,1797,2277,209,316
CBNIABCL_00369,349,2132,2677,242,372
CBNIABCL_00370,164,1213,1248,108,236
CBNIABCL_00371,14,222,140,6,11
CBNIABCL_00372,369,2436,2914,202,419
CBNIABCL_00373,148,2363,2392,102,139
CBNIABCL_00374,435,4330,5076,331,368
CBNIABCL_00375,239,2273,2823,190,253
CBNIABCL_00376,18688,80807,67466,17431,24493
CBNIABCL_00377,1262,7803,7706,970,1503
CBNIABCL_00378,138,1059,507,127,146
CBNIABCL_00379,340,1890,1996,274,388
CBNIABCL_00380,168,812,662,123,177
CBNIABCL_00381,196,1102,987,214,264
CBNIABCL_00382,157,1230,1071,167,151
CBNIABCL_00383,348,1874,1987,258,372
CBNIABCL_00384,237,1719,1460,182,234
CBNIABCL_00385,78,700,598,79,87
CBNIABCL_00386,82,879,613,75,78
CBNIABCL_00387,139,926,767,122,162
CBNIABCL_00388,114,1039,766,100,118
CBNIABCL_00389,106,526,427,84,115
CBNIABCL_00390,70,588,443,50,60
CBNIABCL_00391,2410,16323,16983,2223,2637
CBNIABCL_00392,278,3059,2209,244,308
CBNIABCL_00393,953,5715,5657,739,899
CBNIABCL_00394,1584,9576,9050,1267,1644
CBNIABCL_00395,32,399,209,25,31
CBNIABCL_00396,2046,15285,12247,1645,1991
CBNIABCL_00398,854,4516,3987,646,840
CBNIABCL_00399,412,2854,2687,398,377
CBNIABCL_00403,360,2094,2398,279,348
CBNIABCL_00404,117,884,834,121,134
CBNIABCL_00405,1242,4871,4309,909,1460
CBNIABCL_00406,38,545,354,34,51
CBNIABCL_00407,8082,552001,342287,8561,3191
CBNIABCL_00408,790,5132,5861,631,841
CBNIABCL_00409,237,1626,1746,179,211
CBNIABCL_00410,124,781,768,77,113
CBNIABCL_00411,32,356,360,36,45
CBNIABCL_00412,128,905,994,105,154
CBNIABCL_00413,50,377,425,45,57
CBNIABCL_00414,74,633,650,46,62
CBNIABCL_00415,1322,8893,11415,812,1716
CBNIABCL_00416,234,1593,1428,183,199
CBNIABCL_00417,947,6430,6545,841,965
CBNIABCL_00418,29,267,221,27,24
CBNIABCL_00419,385,2102,2681,346,455
CBNIABCL_00420,47,316,437,43,67
CBNIABCL_00421,189,1351,1360,128,229
CBNIABCL_00422,408,2767,3288,282,556
CBNIABCL_00423,75,442,418,40,74
CBNIABCL_00424,119,702,771,89,143
CBNIABCL_00425,162,851,1001,108,174
CBNIABCL_00426,13,121,136,22,15
CBNIABCL_00427,151,1373,1428,118,182
CBNIABCL_00428,331,2912,2162,347,384
CBNIABCL_00429,132,1164,1053,92,133
CBNIABCL_00430,159,1318,896,150,129
CBNIABCL_00431,95,754,541,91,72
CBNIABCL_00432,234,3247,2512,190,286
CBNIABCL_00433,1,12,6,2,0
CBNIABCL_00434,12,127,147,8,13
CBNIABCL_00435,11,75,74,4,8
CBNIABCL_00436,24,277,257,29,30
CBNIABCL_00437,0,0,0,0,0
CBNIABCL_00438,24,464,610,27,36
CBNIABCL_00439,29,149,169,40,37
CBNIABCL_00440,8,53,50,2,5
CBNIABCL_00441,0,0,0,0,0
CBNIABCL_00442,13,107,66,16,20
CBNIABCL_00443,19,107,127,16,20
CBNIABCL_00444,22,83,54,33,28
CBNIABCL_00445,28,417,264,38,23
CBNIABCL_00446,21,199,200,20,9
CBNIABCL_00447,48,428,450,37,41
CBNIABCL_00448,10,197,104,14,17
CBNIABCL_00449,58,647,391,57,56
CBNIABCL_00450,931,8766,7192,729,1065
CBNIABCL_00451,322,3616,3071,265,341
CBNIABCL_00452,305,2745,2993,193,325
CBNIABCL_00454,34,317,370,31,40
CBNIABCL_00455,141,871,1545,90,152
CBNIABCL_00456,371,2119,2799,218,486
CBNIABCL_00457,214,1411,1836,146,291
CBNIABCL_00458,273,1734,2461,165,410
CBNIABCL_00459,130,960,895,82,124
CBNIABCL_00460,130,960,1130,113,165
CBNIABCL_00462,64,1297,1093,60,82
CBNIABCL_00463,207,1196,1258,151,227
CBNIABCL_00464,269,2433,2848,237,386
CBNIABCL_00465,121,933,1278,115,148
CBNIABCL_00466,49,419,644,29,55
CBNIABCL_00467,118,1060,1455,82,153
CBNIABCL_00468,283,2388,3001,196,353
CBNIABCL_00469,147,1276,1662,153,196
CBNIABCL_00470,178,1185,1320,151,214
CBNIABCL_00471,56,424,381,31,86
CBNIABCL_00472,302,1869,2413,234,385
CBNIABCL_00473,284,1656,2153,157,363
CBNIABCL_00474,231,1623,1568,199,265
CBNIABCL_00475,42,414,506,44,66
CBNIABCL_00476,257,1534,2189,197,314
CBNIABCL_00477,195,1689,1711,164,273
CBNIABCL_00478,67,672,657,71,83
CBNIABCL_00479,224,1820,1623,195,250
CBNIABCL_00480,159,1311,931,126,179
CBNIABCL_00481,15,216,211,17,18
CBNIABCL_00482,61,1104,933,61,92
CBNIABCL_00483,107,736,812,85,126
CBNIABCL_00484,245,1618,1919,228,352
CBNIABCL_00485,339,2741,2477,277,417
CBNIABCL_00486,653,10402,8046,535,583
CBNIABCL_00487,210,2325,2081,202,236
CBNIABCL_00488,35,319,401,34,45
CBNIABCL_00489,192,1675,1615,170,219
CBNIABCL_00490,487,3953,3813,415,573
CBNIABCL_00491,1013,5286,6144,624,1295
CBNIABCL_00492,628,4358,4301,477,818
CBNIABCL_00493,1230,8370,8583,1072,1371
CBNIABCL_00494,65,933,711,85,92
CBNIABCL_00495,236,1594,1943,191,240
CBNIABCL_00496,165,1301,1616,162,233
CBNIABCL_00497,152,1552,1486,146,176
CBNIABCL_00498,935,6284,5410,746,862
CBNIABCL_00499,387,4962,3575,316,403
CBNIABCL_00500,1176,6903,8581,975,1140
CBNIABCL_00501,193,1269,1419,163,181
CBNIABCL_00502,142,1076,1253,102,165
CBNIABCL_00503,27,97,137,14,52
CBNIABCL_00504,139,1016,1216,91,189
CBNIABCL_00505,336,2422,2607,268,405
CBNIABCL_00506,213,1297,1338,165,194
CBNIABCL_00508,483,1607,2317,272,854
CBNIABCL_00509,561,3128,3734,341,836
CBNIABCL_00510,94,478,598,71,165
CBNIABCL_00511,158,1059,1165,145,224
CBNIABCL_00512,325,2849,3282,257,564
CBNIABCL_00513,190,1653,1834,156,219
CBNIABCL_00514,122,578,573,88,120
CBNIABCL_00515,47,279,313,31,41
CBNIABCL_00516,2934,18738,16172,2486,3217
CBNIABCL_00517,78,537,586,56,88
CBNIABCL_00518,25,227,304,24,37
CBNIABCL_00519,153,2092,1658,139,158
CBNIABCL_00520,184,1907,2078,139,205
CBNIABCL_00521,105,954,1102,99,167
CBNIABCL_00522,221,1212,1517,171,224
CBNIABCL_00523,69,420,635,40,65
CBNIABCL_00524,19,128,125,21,22
CBNIABCL_00525,262,1201,1521,190,377
CBNIABCL_00526,851,3859,3971,543,789
CBNIABCL_00527,66,700,864,97,126
CBNIABCL_00528,87,786,853,110,122
CBNIABCL_00529,33,194,221,20,31
CBNIABCL_00530,135,914,1172,107,171
CBNIABCL_00531,379,2994,3850,292,581
CBNIABCL_00532,422,2628,3209,303,432
CBNIABCL_00533,83,735,752,73,120
CBNIABCL_00534,146,933,1003,77,137
CBNIABCL_00535,1815,30988,19909,1747,1425
CBNIABCL_00536,217,1075,1473,199,252
CBNIABCL_00537,1209,5326,6399,741,1243
CBNIABCL_00538,615,2426,3237,397,603
CBNIABCL_00539,285,1711,1776,237,277
CBNIABCL_00540,243,2274,2768,191,277
CBNIABCL_00541,123,839,867,72,127
CBNIABCL_00542,47,390,448,35,40
CBNIABCL_00543,39,314,327,30,37
CBNIABCL_00544,57,519,381,35,45
CBNIABCL_00545,140,1588,1322,135,104
CBNIABCL_00546,84,889,984,76,97
CBNIABCL_00547,16,530,439,17,73
CBNIABCL_00548,79,428,423,53,85
CBNIABCL_00549,45,419,566,45,58
CBNIABCL_00550,228,2182,2095,162,203
CBNIABCL_00551,319,2885,2896,205,358
CBNIABCL_00552,398,3462,3822,299,520
CBNIABCL_00553,242,2776,3197,204,381
CBNIABCL_00554,555,5638,6101,320,617
CBNIABCL_00555,182,2196,2565,175,243
CBNIABCL_00556,235,2240,2927,171,257
CBNIABCL_00557,61,813,752,65,78
CBNIABCL_00558,341,3048,4362,289,472
CBNIABCL_00559,647,6656,5830,497,647
CBNIABCL_00560,140,1536,1641,120,130
CBNIABCL_00561,68,618,559,54,85
CBNIABCL_00562,363,3114,3127,239,420
CBNIABCL_00563,5,225,306,7,11
CBNIABCL_00564,389,2836,2485,300,375
CBNIABCL_00565,15145,84455,127073,10436,17534
CBNIABCL_00566,311,2007,2295,225,375
CBNIABCL_00567,6,99,97,3,6
CBNIABCL_00568,4,15,39,2,4
CBNIABCL_00569,21,209,179,19,21
CBNIABCL_00570,14,52,64,4,5
CBNIABCL_00571,6,58,39,5,0
CBNIABCL_00572,28,178,183,19,19
CBNIABCL_00573,13,144,111,13,22
CBNIABCL_00574,93,1094,1433,102,156
CBNIABCL_00575,234,2870,3787,131,395
CBNIABCL_00576,54,882,877,46,70
CBNIABCL_00577,248,1855,2315,192,292
CBNIABCL_00578,162,1962,1805,140,139
CBNIABCL_00579,274,1428,1594,210,269
CBNIABCL_00580,822,6038,7650,688,988
CBNIABCL_00581,317,2838,3245,225,481
CBNIABCL_00582,328,2953,2949,233,438
CBNIABCL_00584,46,550,527,31,49
CBNIABCL_00585,320,2415,2630,218,292
CBNIABCL_00586,133,1007,1279,111,160
CBNIABCL_00587,122,1362,1599,100,135
CBNIABCL_00588,28,329,348,25,94
CBNIABCL_00589,48,535,663,38,141
CBNIABCL_00590,86,1059,1472,72,346
CBNIABCL_00591,105,1154,1292,88,236
CBNIABCL_00592,88,1238,1368,71,186
CBNIABCL_00593,150,1420,1712,94,222
CBNIABCL_00594,97,920,1128,76,143
CBNIABCL_00595,23,511,568,32,71
CBNIABCL_00596,38,370,351,33,48
CBNIABCL_00597,23,292,216,27,43
CBNIABCL_00598,38,678,567,34,38
CBNIABCL_00599,6,48,53,5,13
CBNIABCL_00600,3,42,32,3,3
CBNIABCL_00601,11,73,50,4,6
CBNIABCL_00602,92,905,916,94,107
CBNIABCL_00603,87,523,558,79,76
CBNIABCL_00604,1258,11696,13721,1107,1483
CBNIABCL_00605,91,1769,1485,64,135
CBNIABCL_00606,31,790,556,19,35
CBNIABCL_00607,23,389,237,20,25
CBNIABCL_00608,71,1030,1281,57,111
CBNIABCL_00609,330,2482,2560,233,321
CBNIABCL_00610,5,70,24,3,10
CBNIABCL_00611,31,354,329,19,26
CBNIABCL_00612,74,503,733,75,153
CBNIABCL_00613,30,131,206,21,32
CBNIABCL_00614,8,61,66,6,14
CBNIABCL_00615,1598,13224,10075,1347,1730
CBNIABCL_00616,304,2256,2116,210,383
CBNIABCL_00617,44,654,540,42,65
CBNIABCL_00618,24,260,337,14,39
CBNIABCL_00619,19,262,292,19,41
CBNIABCL_00620,7,144,109,16,20
CBNIABCL_00621,838,7619,7131,675,809
CBNIABCL_00622,1,139,109,0,0
CBNIABCL_00623,18,1390,1450,12,20
CBNIABCL_00624,13,1042,925,13,12
CBNIABCL_00625,42,2759,2637,30,43
CBNIABCL_00626,5,453,445,13,24
CBNIABCL_00627,89,1342,998,61,99
CBNIABCL_00628,1,7,10,0,0
CBNIABCL_00629,33,197,228,26,51
CBNIABCL_00630,1,17,5,0,2
CBNIABCL_00631,6,80,84,10,14
CBNIABCL_00632,6,56,28,4,8
CBNIABCL_00633,8,96,77,7,3
CBNIABCL_00634,8,86,64,9,16
CBNIABCL_00635,17,166,193,7,27
CBNIABCL_00636,5,75,110,7,12
CBNIABCL_00637,14,102,68,11,26
CBNIABCL_00638,37,561,519,42,52
CBNIABCL_00639,71,979,920,40,73
CBNIABCL_00640,14,159,166,17,32
CBNIABCL_00641,16,321,290,16,29
CBNIABCL_00642,2,12,7,0,2
CBNIABCL_00643,9,64,71,1,8
CBNIABCL_00644,113,1042,975,78,162
CBNIABCL_00646,241,2152,2492,232,286
CBNIABCL_00647,72,1296,1228,64,95
CBNIABCL_00648,115,846,1109,78,111
CBNIABCL_00649,59,617,804,64,71
CBNIABCL_00650,9,96,77,5,10
CBNIABCL_00651,37,444,573,33,37
CBNIABCL_00652,0,25,12,0,0
CBNIABCL_00653,254,3048,4118,208,308
CBNIABCL_00654,490,3230,4475,340,906
CBNIABCL_00655,301,5203,4254,259,385
CBNIABCL_00656,371,1712,2353,286,462
CBNIABCL_00657,50,493,548,44,59
CBNIABCL_00658,65,549,749,55,45
CBNIABCL_00659,19,49,72,6,19
CBNIABCL_00660,24,139,156,27,28
CBNIABCL_00662,52,427,451,42,72
CBNIABCL_00663,72,447,516,33,79
CBNIABCL_00664,123,1255,1299,77,119
CBNIABCL_00665,3826,33638,35767,3167,4379
CBNIABCL_00666,139,1071,997,97,172
CBNIABCL_00667,194,2495,2256,161,262
CBNIABCL_00668,95,904,963,55,100
CBNIABCL_00669,1104,30362,23521,957,1080
CBNIABCL_00670,489,3637,4624,347,559
CBNIABCL_00671,208,1951,2196,159,229
CBNIABCL_00672,272,2021,2357,215,269
CBNIABCL_00673,2309,12027,14937,1614,2847
CBNIABCL_00674,878,10286,8240,698,874
CBNIABCL_00675,428,3906,4146,328,395
CBNIABCL_00676,534,4271,4487,380,656
CBNIABCL_00677,451,5406,4651,299,520
CBNIABCL_00678,35,386,374,16,33
CBNIABCL_00679,175,1189,998,140,160
CBNIABCL_00680,1285,13410,13992,947,1541
CBNIABCL_00681,543,7545,7039,455,700
CBNIABCL_00682,10,203,121,6,18
CBNIABCL_00683,327,2722,3133,225,477
CBNIABCL_00684,399,2617,2534,282,469
CBNIABCL_00685,555,6874,5429,484,638
CBNIABCL_00686,272,2467,2505,166,305
CBNIABCL_00687,216,1614,2094,129,256
CBNIABCL_00688,98,1144,1063,59,116
CBNIABCL_00689,101,580,561,66,114
CBNIABCL_00690,3,49,28,4,1
CBNIABCL_00691,4443,17829,18990,3320,5319
CBNIABCL_00692,985,5746,5945,756,1098
CBNIABCL_00693,1695,11554,13017,1463,2560
CBNIABCL_00694,7271,45566,43656,6042,7628
CBNIABCL_00695,29,558,456,27,33
CBNIABCL_00696,301,3763,2510,235,293
CBNIABCL_00697,47,613,467,27,44
CBNIABCL_00698,97,1131,1082,70,99
CBNIABCL_00699,120,1099,1007,99,146
CBNIABCL_00700,402,3952,3565,300,488
CBNIABCL_00701,282,2254,1985,191,320
CBNIABCL_00702,134,1650,1256,108,147
CBNIABCL_00703,886,8379,8788,676,1063
CBNIABCL_00704,225,2934,2008,197,241
CBNIABCL_00705,9,151,112,6,7
CBNIABCL_00706,189,1644,1760,143,198
CBNIABCL_00707,127,766,893,110,89
CBNIABCL_00708,848,7095,7224,587,921
CBNIABCL_00709,340,3186,3193,300,379
CBNIABCL_00710,133,1451,1232,94,139
CBNIABCL_00711,225,1832,1731,158,216
CBNIABCL_00712,111,1028,802,82,133
CBNIABCL_00713,91,768,773,50,79
CBNIABCL_00714,238,2843,1975,213,274
CBNIABCL_00715,580,4786,4024,447,656
CBNIABCL_00716,1199,8706,7800,804,1167
CBNIABCL_00717,166,1247,1217,123,166
CBNIABCL_00718,104,945,854,95,122
CBNIABCL_00719,161,934,1058,106,178
CBNIABCL_00720,237,1320,1757,117,319
CBNIABCL_00721,8261,34325,39197,4715,9347
CBNIABCL_00722,1995,12448,10600,1354,2382
CBNIABCL_00723,1634,7034,7241,953,2227
CBNIABCL_00724,2034,9833,9022,1409,2712
CBNIABCL_00725,155,1342,797,99,247
CBNIABCL_00726,2851,12095,11295,1901,3341
CBNIABCL_00727,174,719,541,128,147
CBNIABCL_00728,94,556,447,101,111
CBNIABCL_00729,120,806,667,103,163
CBNIABCL_00730,304,1484,1421,249,249
CBNIABCL_00731,29,331,203,29,34
CBNIABCL_00732,124,845,810,72,132
CBNIABCL_00733,53,246,357,38,57
CBNIABCL_00734,43,239,222,24,30
CBNIABCL_00735,92,964,811,82,91
CBNIABCL_00736,68,516,530,54,78
CBNIABCL_00737,250,1158,1240,133,306
CBNIABCL_00738,139,990,1156,110,186
CBNIABCL_00739,89,475,565,75,79
CBNIABCL_00740,2,13,18,2,1
CBNIABCL_00741,22,185,161,14,19
CBNIABCL_00742,195,1337,1141,130,173
CBNIABCL_00743,116,641,619,69,124
CBNIABCL_00744,146,2483,1671,109,164
CBNIABCL_00745,862,8469,7613,717,875
CBNIABCL_00746,132,1295,1259,108,137
CBNIABCL_00747,135,1039,1230,79,131
CBNIABCL_00748,178,1617,1609,143,225
CBNIABCL_00749,193,1720,1642,153,199
CBNIABCL_00750,82,985,1048,69,124
CBNIABCL_00751,438,4332,4159,350,537
CBNIABCL_00752,1367,9549,10159,1254,1327
CBNIABCL_00753,87,1982,1361,88,112
CBNIABCL_00754,489,3766,3177,364,471
CBNIABCL_00755,1105,12215,10324,1047,905
CBNIABCL_00756,48,416,500,29,53
CBNIABCL_00757,21,394,355,15,10
CBNIABCL_00758,257,1778,2314,173,307
CBNIABCL_00759,929,5350,5200,623,1067
CBNIABCL_00760,3305,39829,30998,2193,3402
CBNIABCL_00761,254,1751,1615,148,306
CBNIABCL_00762,153,1280,1067,118,171
CBNIABCL_00763,46,410,383,33,50
CBNIABCL_00764,0,7,0,0,0
CBNIABCL_00765,218,2046,1688,150,241
CBNIABCL_00766,659,3209,4648,506,794
CBNIABCL_00767,27,191,272,28,40
CBNIABCL_00768,112,1241,1727,77,132
CBNIABCL_00769,538,3955,4295,313,583
CBNIABCL_00770,205,4372,2996,215,228
CBNIABCL_00771,97,680,792,72,115
CBNIABCL_00772,150,1632,1730,124,204
CBNIABCL_00773,268,1812,2026,186,284
CBNIABCL_00774,755,6879,7218,596,774
CBNIABCL_00775,76,743,823,71,91
CBNIABCL_00776,183,1153,1205,156,220
CBNIABCL_00777,124,642,676,82,148
CBNIABCL_00778,410,2306,2411,265,518
CBNIABCL_00779,50,480,459,56,76
CBNIABCL_00780,45,1478,989,36,53
CBNIABCL_00781,323,3616,4294,342,421
CBNIABCL_00782,102,1207,1334,76,82
CBNIABCL_00783,246,2299,2455,173,292
CBNIABCL_00784,97,1254,1674,104,176
CBNIABCL_00785,93,714,917,79,170
CBNIABCL_00786,241,1521,2070,192,301
CBNIABCL_00787,35,387,300,33,54
CBNIABCL_00788,132,702,704,168,151
CBNIABCL_00789,129,956,1134,116,173
CBNIABCL_00790,57,421,524,45,102
CBNIABCL_00791,294,2395,2246,195,357
CBNIABCL_00792,66,643,636,47,87
CBNIABCL_00793,69,679,714,70,90
CBNIABCL_00794,14,238,224,20,30
CBNIABCL_00795,21,171,194,25,32
CBNIABCL_00796,42,312,313,23,51
CBNIABCL_00797,1,25,7,1,0
CBNIABCL_00798,703,4775,5090,652,696
CBNIABCL_00799,30,458,445,19,34
CBNIABCL_00800,315,2240,2759,258,337
CBNIABCL_00801,105,645,762,70,112
CBNIABCL_00802,163,1174,1498,105,236
CBNIABCL_00803,23,224,219,20,23
CBNIABCL_00804,60,488,489,39,94
CBNIABCL_00805,139,771,1118,121,220
CBNIABCL_00806,214,926,986,136,198
CBNIABCL_00807,83,749,1097,73,130
CBNIABCL_00808,78,1046,1337,81,124
CBNIABCL_00809,8,137,136,7,19
CBNIABCL_00810,37,275,372,33,65
CBNIABCL_00811,345,4129,4680,265,404
CBNIABCL_00812,22030,168374,216174,15128,32987
CBNIABCL_00813,215,3770,3926,163,178
CBNIABCL_00814,44,329,408,36,45
CBNIABCL_00815,92,669,738,59,112
CBNIABCL_00816,2,59,77,7,13
CBNIABCL_00817,26,123,168,12,16
CBNIABCL_00818,82,682,1214,67,126
CBNIABCL_00819,13,143,224,20,24
CBNIABCL_00820,10,178,131,13,17
CBNIABCL_00822,984,7230,8041,732,1084
CBNIABCL_00823,94,534,893,66,85
CBNIABCL_00824,246,794,1136,210,433
CBNIABCL_00825,1360,33787,28554,1202,2651
CBNIABCL_00826,276,3560,4763,304,606
CBNIABCL_00827,109,579,860,81,168
CBNIABCL_00828,78,1524,2781,107,377
CBNIABCL_00829,220,1292,2018,157,745
CBNIABCL_00830,14,178,206,17,46
CBNIABCL_00831,62,1030,1230,76,117
CBNIABCL_00832,19,179,292,17,30
CBNIABCL_00833,3,80,97,3,6
CBNIABCL_00834,55,475,693,44,92
CBNIABCL_00835,32,496,495,18,55
CBNIABCL_00836,27,304,429,36,40
CBNIABCL_00837,150,1650,1667,106,147
CBNIABCL_00838,101,1404,1288,95,96
CBNIABCL_00839,14,92,79,18,19
CBNIABCL_00840,128,1308,1674,115,219
CBNIABCL_00841,22,352,341,8,16
CBNIABCL_00842,5,114,67,4,10
CBNIABCL_00843,55,515,852,40,75
CBNIABCL_00844,221,2785,4196,203,484
CBNIABCL_00845,218,1673,2596,130,350
CBNIABCL_00846,6,247,342,11,8
CBNIABCL_00847,0,9,14,0,2
CBNIABCL_00848,78,912,1277,94,168
CBNIABCL_00849,32,452,654,37,53
CBNIABCL_00850,16,323,432,30,50
CBNIABCL_00851,8,196,305,13,30
CBNIABCL_00852,33,493,590,15,81
CBNIABCL_00853,57,849,956,30,125
CBNIABCL_00854,0,18,17,3,1
CBNIABCL_00855,2,8,17,1,2
CBNIABCL_00856,0,5,7,0,1
CBNIABCL_00857,12,98,69,6,10
CBNIABCL_00858,35,380,372,42,23
CBNIABCL_00859,72,924,792,91,82
CBNIABCL_00860,270,2299,1782,202,188
CBNIABCL_00861,62,627,576,45,61
CBNIABCL_00862,116,1031,691,80,84
CBNIABCL_00863,610,3389,2440,647,577
CBNIABCL_00864,255,1436,1082,378,370
CBNIABCL_00865,188,1568,1217,212,234
CBNIABCL_00866,90,632,467,77,91
CBNIABCL_00867,347,2657,2316,335,358
CBNIABCL_00868,242,2225,2000,204,273
CBNIABCL_00869,712,5267,3571,747,778
CBNIABCL_00870,113,689,609,99,120
CBNIABCL_00871,34,276,197,28,77
CBNIABCL_00872,21,208,249,35,31
CBNIABCL_00873,163,1299,1353,112,235
CBNIABCL_00874,57,295,363,47,85
CBNIABCL_00875,1181,7969,7006,812,1715
CBNIABCL_00876,0,0,0,0,0
CBNIABCL_00877,0,0,0,0,0
CBNIABCL_00878,40,423,313,38,46
CBNIABCL_00879,60,368,385,41,57
CBNIABCL_00880,117,832,705,90,111
CBNIABCL_00881,65,341,384,53,95
CBNIABCL_00882,136,1136,1126,159,155
CBNIABCL_00883,11,183,179,8,24
CBNIABCL_00884,13,223,186,15,29
CBNIABCL_00885,119,1037,904,66,95
CBNIABCL_00886,8,54,67,11,13
CBNIABCL_00887,21,133,205,19,46
CBNIABCL_00888,42,334,225,50,45
CBNIABCL_00889,228,2373,2035,255,289
CBNIABCL_00890,40,667,393,50,49
CBNIABCL_00891,423,1353,760,490,458
CBNIABCL_00892,270,2714,2701,275,387
CBNIABCL_00893,133,1389,1190,115,195
CBNIABCL_00894,336,2900,2852,222,510
CBNIABCL_00895,321,2742,2810,199,431
CBNIABCL_00896,310,3371,2648,277,422
CBNIABCL_00897,342,3239,2543,226,434
CBNIABCL_00898,371,3192,2472,250,492
CBNIABCL_00899,866,6695,6533,568,1030
CBNIABCL_00900,284,830,1029,230,403
CBNIABCL_00901,37,305,365,32,51
CBNIABCL_00902,13,195,273,25,19
CBNIABCL_00903,27,303,396,30,41
CBNIABCL_00904,208,2804,2507,227,225
CBNIABCL_00905,442,1807,2322,357,545
CBNIABCL_00906,97,566,450,90,114
CBNIABCL_00907,173,1408,1585,125,157
CBNIABCL_00908,14,137,131,11,8
CBNIABCL_00909,34,362,411,35,28
CBNIABCL_00910,9,120,131,7,9
CBNIABCL_00911,5,25,58,9,10
CBNIABCL_00912,3,19,20,3,1
CBNIABCL_00913,14,103,133,11,15
CBNIABCL_00914,0,37,44,4,3
CBNIABCL_00915,46,380,379,31,42
CBNIABCL_00916,8,63,72,15,11
CBNIABCL_00917,16,276,228,7,17
CBNIABCL_00918,23,106,179,17,26
CBNIABCL_00919,557,4566,4823,495,738
CBNIABCL_00920,68,1147,1714,59,143
CBNIABCL_00921,2,51,105,6,10
CBNIABCL_00922,7,103,204,9,10
CBNIABCL_00923,9,74,74,5,7
CBNIABCL_00924,5,30,25,0,3
CBNIABCL_00925,6,62,38,4,11
CBNIABCL_00926,11,116,178,8,21
CBNIABCL_00927,1,17,29,1,2
CBNIABCL_00928,48,301,373,31,71
CBNIABCL_00929,89,820,1307,86,204
CBNIABCL_00930,77,835,968,55,91
CBNIABCL_00931,24,287,352,25,30
CBNIABCL_00932,219,1941,2283,217,316
CBNIABCL_00933,6,126,243,7,14
CBNIABCL_00934,7,106,132,10,21
CBNIABCL_00935,60,997,1287,54,49
CBNIABCL_00936,18,223,446,17,19
CBNIABCL_00937,24,273,290,11,12
CBNIABCL_00938,7,202,185,6,9
CBNIABCL_00939,8,142,207,15,28
CBNIABCL_00940,114,696,1297,88,262
CBNIABCL_00941,60,515,532,36,118
CBNIABCL_00942,44,391,515,44,109
CBNIABCL_00943,79,501,606,62,128
CBNIABCL_00944,166,4089,2902,132,138
CBNIABCL_00945,88,1210,1353,83,144
CBNIABCL_00946,474,2901,4611,283,822
CBNIABCL_00947,113,1208,1380,92,111
CBNIABCL_00948,163,3051,2425,148,155
CBNIABCL_00949,36,313,356,36,43
CBNIABCL_00950,13,56,87,7,5
CBNIABCL_00951,289,3085,2620,240,237
CBNIABCL_00952,0,25,12,0,3
CBNIABCL_00953,45,237,307,48,46
CBNIABCL_00955,319,2237,2410,237,384
CBNIABCL_00956,246,1700,2438,174,303
CBNIABCL_00957,16,342,230,12,16
CBNIABCL_00958,340,2147,2720,254,447
CBNIABCL_00959,126,1547,1394,100,130
CBNIABCL_00960,116,1051,1408,108,210
CBNIABCL_00961,1509,8080,10123,1030,1780
CBNIABCL_00962,281,1696,1915,166,339
CBNIABCL_00963,241,1483,1972,171,305
CBNIABCL_00964,32,265,320,27,221
CBNIABCL_00965,72,345,443,43,362
CBNIABCL_00966,34,337,331,15,149
CBNIABCL_00967,108,1207,1240,100,172
CBNIABCL_00968,33,338,418,25,58
CBNIABCL_00969,539,2648,3202,383,776
CBNIABCL_00970,345,3408,3811,258,447
CBNIABCL_00971,1029,7902,9450,723,1537
CBNIABCL_00972,1686,13408,14183,995,2189
CBNIABCL_00973,643,4076,3943,440,808
CBNIABCL_00974,114,781,741,115,120
CBNIABCL_00975,126,849,809,87,106
CBNIABCL_00976,1694,10892,11011,1409,1777
CBNIABCL_00977,309,2361,2361,293,389
CBNIABCL_00978,1082,7177,5959,697,1245
CBNIABCL_00979,333,3255,2624,286,351
CBNIABCL_00980,514,3610,3113,425,570
CBNIABCL_00981,77,468,431,54,91
CBNIABCL_00982,318,2394,2123,203,318
CBNIABCL_00983,308,2616,2173,267,325
CBNIABCL_00985,515,2939,2534,413,586
CBNIABCL_00986,524,2864,2961,370,580
CBNIABCL_00987,424,2912,2077,318,401
CBNIABCL_00988,445,3347,2509,435,535
CBNIABCL_00989,181,1347,1006,177,187
CBNIABCL_00990,364,2006,1859,322,360
CBNIABCL_00991,88,981,637,76,106
CBNIABCL_00992,267,2038,1825,193,304
CBNIABCL_00993,198,1782,1706,170,229
CBNIABCL_00994,10,433,244,15,14
CBNIABCL_00995,6,99,54,5,3
CBNIABCL_00996,199,1420,1428,151,202
CBNIABCL_00997,340,1830,2049,269,429
CBNIABCL_00999,964,4719,5083,468,1250
CBNIABCL_01000,766,4562,3604,609,891
CBNIABCL_01004,961,2977,3150,633,1193
CBNIABCL_01006,157,1625,855,119,161
CBNIABCL_01007,289,2431,1493,226,329
CBNIABCL_01008,459,2641,2036,407,498
CBNIABCL_01009,755,4655,3508,553,808
CBNIABCL_01010,689,5376,3826,535,839
CBNIABCL_01011,767,4890,3957,775,1076
CBNIABCL_01012,3242,24028,16898,2307,4286
CBNIABCL_01013,3806,26858,19552,2642,4989
CBNIABCL_01014,800,2407,2744,521,796
CBNIABCL_01015,338,2507,1798,260,478
CBNIABCL_01016,2576,18962,12881,2068,3011
CBNIABCL_01017,247,1087,886,150,268
CBNIABCL_01018,149,1678,1005,144,171
CBNIABCL_01019,495,4799,2908,408,569
CBNIABCL_01020,372,3542,2466,331,390
CBNIABCL_01021,114,1371,554,106,99
CBNIABCL_01022,1008,7100,5309,811,1111
CBNIABCL_01023,168,1673,934,166,204
CBNIABCL_01024,107,1258,722,83,137
CBNIABCL_01025,1152,7100,4880,1019,1397
CBNIABCL_01026,767,3948,2753,730,944
CBNIABCL_01027,1628,10163,7564,1505,2118
CBNIABCL_01028,594,4279,2242,662,675
CBNIABCL_01029,531,4490,3531,473,680
CBNIABCL_01030,198,1426,1042,188,287
CBNIABCL_01031,891,4626,3719,715,1168
CBNIABCL_01032,336,1879,1622,263,358
CBNIABCL_01033,682,4302,3310,633,760
CBNIABCL_01034,307,3569,2001,354,295
CBNIABCL_01035,730,5468,4180,700,689
CBNIABCL_01036,136,1142,643,102,112
CBNIABCL_01037,1231,5628,3962,1084,1478
CBNIABCL_01038,969,6657,5032,791,1132
CBNIABCL_01039,1060,7256,5710,893,1442
CBNIABCL_01040,427,3107,2343,307,491
CBNIABCL_01041,54,470,326,52,78
CBNIABCL_01042,102,467,496,73,107
CBNIABCL_01043,113,662,569,84,100
CBNIABCL_01044,731,5927,4966,478,827
CBNIABCL_01045,509,3539,3140,324,588
CBNIABCL_01046,754,4313,4633,459,728
CBNIABCL_01047,75,510,539,44,93
CBNIABCL_01048,22,401,413,32,36
CBNIABCL_01049,621,4430,4208,431,713
CBNIABCL_01050,686,4342,3808,541,665
CBNIABCL_01051,530,4995,4995,406,522
CBNIABCL_01052,334,3062,2788,213,326
CBNIABCL_01053,228,1701,2337,160,251
CBNIABCL_01054,284,1275,1176,206,238
CBNIABCL_01055,306,2613,3264,220,496
CBNIABCL_01056,223,2228,1938,175,382
CBNIABCL_01057,372,3509,3211,277,552
CBNIABCL_01058,289,4571,3722,232,419
CBNIABCL_01059,435,4148,3928,336,590
CBNIABCL_01060,589,4372,4212,430,652
CBNIABCL_01061,324,2586,2840,268,366
CBNIABCL_01062,63,775,626,44,59
CBNIABCL_01063,130,1000,1008,86,127
CBNIABCL_01064,71,684,691,60,123
CBNIABCL_01065,65,464,480,63,69
CBNIABCL_01066,839,7528,8273,572,940
CBNIABCL_01067,546,5844,6652,410,636
CBNIABCL_01068,219,3052,2861,210,266
CBNIABCL_01069,105,933,906,83,103
CBNIABCL_01070,340,2992,3211,287,347
CBNIABCL_01071,913,6753,7045,713,1057
CBNIABCL_01072,276,2502,2491,212,313
CBNIABCL_01073,137,1258,1130,89,130
CBNIABCL_01074,262,1949,2245,146,251
CBNIABCL_01075,182,1554,1744,101,252
CBNIABCL_01076,27,452,411,12,34
CBNIABCL_01077,652,3913,6351,327,1054
CBNIABCL_01078,891,6504,10182,473,1543
CBNIABCL_01079,801,5486,6831,481,1228
CBNIABCL_01080,179,3847,2212,131,296
CBNIABCL_01081,370,4213,3686,325,345
CBNIABCL_01082,194,1363,1242,157,195
CBNIABCL_01083,144,1174,986,112,207
CBNIABCL_01084,859,7857,7799,591,861
CBNIABCL_01085,124,1103,1222,112,121
CBNIABCL_01086,266,1657,2001,204,341
CBNIABCL_01087,120,514,593,76,150
CBNIABCL_01088,369,2842,2638,278,385
CBNIABCL_01089,146,885,860,102,142
CBNIABCL_01090,1758,8222,10315,1135,1975
CBNIABCL_01091,218,2114,1983,141,249
CBNIABCL_01092,165,994,1127,120,202
CBNIABCL_01093,518,2812,2956,316,619
CBNIABCL_01094,128,1275,1110,129,171
CBNIABCL_01095,602,5197,5772,473,616
CBNIABCL_01096,447,3910,3505,312,555
CBNIABCL_01097,1563,7503,9977,1242,1581
CBNIABCL_01098,1331,12956,10622,1099,1189
CBNIABCL_01099,158,1180,1225,101,166
CBNIABCL_01100,3,75,55,0,2
CBNIABCL_01101,96,870,1062,93,128
CBNIABCL_01102,337,2446,3289,206,389
CBNIABCL_01103,253,1743,1871,200,325
CBNIABCL_01104,281,1644,2097,196,305
CBNIABCL_01105,519,4134,4477,395,581
CBNIABCL_01106,142,1059,1326,110,170
CBNIABCL_01107,25,280,246,21,24
CBNIABCL_01108,3,22,25,1,0
CBNIABCL_01109,130,735,838,76,108
CBNIABCL_01110,37,374,335,18,27
CBNIABCL_01111,108,1187,1418,92,129
CBNIABCL_01112,1265,6779,8722,855,1612
CBNIABCL_01113,446,3460,4133,222,561
CBNIABCL_01114,288,3603,3602,210,388
CBNIABCL_01115,111,1767,1603,78,83
CBNIABCL_01116,110,807,848,67,84
CBNIABCL_01117,292,2311,2359,227,365
CBNIABCL_01118,326,2294,2848,235,547
CBNIABCL_01119,274,1284,1811,200,321
CBNIABCL_01120,173,1735,1950,174,214
CBNIABCL_01121,32,438,456,34,49
CBNIABCL_01122,59,390,469,53,59
CBNIABCL_01123,115,3332,1961,111,65
CBNIABCL_01124,273,1988,2373,224,285
CBNIABCL_01126,675,3018,3137,559,815
CBNIABCL_01127,825,4683,4629,716,1059
CBNIABCL_01128,59,462,533,50,80
CBNIABCL_01129,2589,22133,26396,1852,3178
CBNIABCL_01130,345,2289,2782,280,397
CBNIABCL_01131,262,2222,2576,259,432
CBNIABCL_01132,39,902,1008,28,47
CBNIABCL_01133,89,816,729,75,103
CBNIABCL_01134,243,1624,1607,185,259
CBNIABCL_01135,134,547,781,106,208
CBNIABCL_01136,67,789,979,94,163
CBNIABCL_01137,342,3668,3641,207,377
CBNIABCL_01138,223,1431,2130,166,294
CBNIABCL_01139,26,89,193,16,24
CBNIABCL_01140,157,1207,1424,117,157
CBNIABCL_01141,98,971,1021,57,112
CBNIABCL_01142,70,571,657,48,79
CBNIABCL_01143,73,687,712,43,77
CBNIABCL_01144,106,749,610,78,98
CBNIABCL_01145,214,1679,1596,219,255
CBNIABCL_01146,138,1089,1132,89,185
CBNIABCL_01147,730,3433,5290,483,903
CBNIABCL_01148,386,2103,2800,236,391
CBNIABCL_01149,385,2178,2709,323,445
CBNIABCL_01150,6779,69966,80625,7481,7305
CBNIABCL_01151,178,974,1157,165,182
CBNIABCL_01152,220,1193,1572,169,306
CBNIABCL_01153,1078,5934,6246,754,1248
CBNIABCL_01154,208,1982,1619,158,232
CBNIABCL_01155,148,975,1173,120,141
CBNIABCL_01156,63,570,507,42,82
CBNIABCL_01157,96,884,848,66,98
CBNIABCL_01158,14,147,173,5,6
CBNIABCL_01159,196,1487,1226,167,253
CBNIABCL_01160,138,1310,1060,97,155
CBNIABCL_01161,286,2420,2523,185,232
CBNIABCL_01162,253,2708,2153,185,188
CBNIABCL_01163,11,114,101,4,13
CBNIABCL_01164,12,78,53,10,12
CBNIABCL_01170,274,1519,1632,223,349
CBNIABCL_01171,1213,5811,7845,740,1497
CBNIABCL_01172,1127,7773,8133,689,1409
CBNIABCL_01173,159,1452,1400,103,184
CBNIABCL_01174,177,1360,1017,152,174
CBNIABCL_01175,55,497,427,46,58
CBNIABCL_01176,17,195,157,5,15
CBNIABCL_01177,67,796,664,58,73
CBNIABCL_01178,7911,123524,79226,8776,6560
CBNIABCL_01179,583,3115,3210,461,531
CBNIABCL_01180,816,4729,4940,677,944
CBNIABCL_01181,99,593,748,75,127
CBNIABCL_01182,156,1049,943,131,197
CBNIABCL_01183,244,1043,1182,187,316
CBNIABCL_01184,173,1478,1230,131,217
CBNIABCL_01185,19,252,192,10,17
CBNIABCL_01186,99,859,927,100,118
CBNIABCL_01187,30,614,375,25,18
CBNIABCL_01188,164,2888,2203,117,169
CBNIABCL_01189,12016,71443,80966,8041,12462
CBNIABCL_01190,167,1686,1335,128,182
CBNIABCL_01191,247,1885,1947,187,245
CBNIABCL_01192,166,1124,1130,116,181
CBNIABCL_01193,129,951,1131,82,114
CBNIABCL_01194,186,1387,1436,147,191
CBNIABCL_01195,41,376,505,37,69
CBNIABCL_01196,933,4623,6333,645,970
CBNIABCL_01197,44,345,209,33,45
CBNIABCL_01198,449,2176,2644,302,500
CBNIABCL_01199,1127,8809,9523,849,1095
CBNIABCL_01200,488,3047,3785,402,592
CBNIABCL_01201,20,203,276,30,41
CBNIABCL_01202,59,685,729,74,108
CBNIABCL_01203,174,1292,1266,153,167
CBNIABCL_01204,775,3358,4738,590,728
CBNIABCL_01205,2,63,35,2,3
CBNIABCL_01206,115,92,105,105,103
CBNIABCL_01207,364,2043,2472,270,364
CBNIABCL_01208,225,1226,1183,157,267
CBNIABCL_01209,58,558,744,52,88
CBNIABCL_01210,104,1190,1283,85,105
CBNIABCL_01211,18,81,123,17,30
CBNIABCL_01212,22,133,124,14,25
CBNIABCL_01213,4,33,58,9,5
CBNIABCL_01214,2,11,24,1,3
CBNIABCL_01215,3,49,30,4,5
CBNIABCL_01216,5,51,40,6,4
CBNIABCL_01217,1,12,10,0,1
CBNIABCL_01218,13,86,125,9,17
CBNIABCL_01219,1,5,5,1,2
CBNIABCL_01220,0,7,4,0,0
CBNIABCL_01221,240,3264,3699,204,308
CBNIABCL_01222,52,830,843,45,83
CBNIABCL_01223,121,1031,1024,94,165
CBNIABCL_01224,45,450,522,53,70
CBNIABCL_01225,17,136,123,8,9
CBNIABCL_01226,41,362,295,19,35
CBNIABCL_01227,33,501,346,18,27
CBNIABCL_01228,226,1433,1578,183,227
CBNIABCL_01229,184,1719,1495,154,183
CBNIABCL_01230,414,2444,2019,287,431
CBNIABCL_01231,208,1528,1414,181,165
CBNIABCL_01232,4839,19760,26522,3278,6368
CBNIABCL_01238,94,727,652,56,103
CBNIABCL_01239,153,651,709,150,228
CBNIABCL_01240,409,2304,2725,274,515
CBNIABCL_01241,571,3602,3434,372,639
CBNIABCL_01242,291,2214,2789,308,474
CBNIABCL_01243,118,480,636,66,139
CBNIABCL_01244,156,896,1217,126,232
CBNIABCL_01245,294,1861,2016,248,308
CBNIABCL_01246,143,1015,856,124,136
CBNIABCL_01247,2,53,34,3,3
CBNIABCL_01248,1038,9623,9008,749,1068
CBNIABCL_01249,151,1262,1606,112,146
CBNIABCL_01251,87,972,722,65,90
CBNIABCL_01252,29,259,410,35,37
CBNIABCL_01253,9,110,99,11,17
CBNIABCL_01254,3,24,30,4,4
CBNIABCL_01255,4,60,93,7,10
CBNIABCL_01256,5,103,118,8,10
CBNIABCL_01257,1,5,20,4,4
CBNIABCL_01258,86,810,712,82,114
CBNIABCL_01259,28,189,163,29,35
CBNIABCL_01260,8,128,134,12,25
CBNIABCL_01261,10,41,74,2,14
CBNIABCL_01262,4,21,19,2,0
CBNIABCL_01263,2,38,41,1,3
CBNIABCL_01264,10,72,92,5,8
CBNIABCL_01265,2,25,34,1,3
CBNIABCL_01266,1,5,3,1,1
CBNIABCL_01267,109,735,713,87,115
CBNIABCL_01268,74,408,427,52,96
CBNIABCL_01269,173,1083,1032,121,141
CBNIABCL_01270,10,296,219,18,19
CBNIABCL_01271,70,422,470,34,62
CBNIABCL_01272,74,505,576,71,66
CBNIABCL_01273,57,309,393,51,70
CBNIABCL_01274,15,147,149,15,25
CBNIABCL_01275,20,153,161,23,25
CBNIABCL_01276,124,976,987,109,174
CBNIABCL_01277,354,2497,2388,287,368
CBNIABCL_01278,132,1032,1041,84,128
CBNIABCL_01279,65,496,578,49,67
CBNIABCL_01280,487,3554,3820,291,517
CBNIABCL_01281,176,1157,1399,95,172
CBNIABCL_01282,208,1839,1983,148,220
CBNIABCL_01283,172,1565,1782,187,250
CBNIABCL_01284,36,345,263,30,33
CBNIABCL_01285,114,1062,1051,97,108
CBNIABCL_01286,2,143,99,9,3
CBNIABCL_01287,263,29384,41756,119,307
CBNIABCL_01288,26,634,622,16,20
CBNIABCL_01289,155,997,1221,107,177
CBNIABCL_01290,90,760,776,94,178
CBNIABCL_01291,335,2675,3003,266,437
CBNIABCL_01292,107,744,1019,79,182
CBNIABCL_01293,320,2242,2822,186,377
CBNIABCL_01294,161,1467,1737,113,243
CBNIABCL_01295,441,3431,4644,254,720
CBNIABCL_01296,298,3163,3701,276,339
CBNIABCL_01297,74,1221,1388,56,114
CBNIABCL_01298,25,347,436,25,19
CBNIABCL_01299,41,866,1022,37,61
CBNIABCL_01300,43,542,685,30,54
CBNIABCL_01301,23,255,286,22,18
CBNIABCL_01302,11,629,409,22,10
CBNIABCL_01303,10,210,122,9,9
CBNIABCL_01304,9,162,144,8,5
CBNIABCL_01305,163,1552,1500,127,144
CBNIABCL_01306,9,61,62,8,5
CBNIABCL_01307,24,268,262,16,26
CBNIABCL_01308,70,654,796,72,108
CBNIABCL_01309,21,241,215,16,32
CBNIABCL_01310,25,281,279,18,43
CBNIABCL_01311,118,972,1133,112,175
CBNIABCL_01312,12,175,164,21,14
CBNIABCL_01313,110,876,950,107,143
CBNIABCL_01314,136,1475,1806,141,222
CBNIABCL_01315,65,701,799,45,79
CBNIABCL_01316,17,258,193,13,13
CBNIABCL_01317,51,492,472,26,46
CBNIABCL_01318,245,2536,3013,223,399
CBNIABCL_01319,408,4699,5387,349,564
CBNIABCL_01320,251,1854,2324,192,304
CBNIABCL_01321,16,233,199,7,18
CBNIABCL_01322,145,1299,1115,105,155
CBNIABCL_01323,65,598,658,51,97
CBNIABCL_01324,252,1609,1917,201,298
CBNIABCL_01326,1111,8612,7611,985,1239
CBNIABCL_01327,305,3003,2456,274,274
CBNIABCL_01328,283,2702,2708,234,305
CBNIABCL_01329,305,1785,2223,237,339
CBNIABCL_01330,230,2346,2346,190,255
CBNIABCL_01331,197,1858,1975,187,277
CBNIABCL_01332,389,3149,3160,350,388
CBNIABCL_01333,555,4452,4573,451,528
CBNIABCL_01334,5,151,77,6,4
CBNIABCL_01335,1234,6978,10350,864,1136
CBNIABCL_01336,61,801,726,81,95
CBNIABCL_01337,330,2490,2964,285,352
CBNIABCL_01338,186,1331,1363,135,182
CBNIABCL_01339,67,829,550,59,83
CBNIABCL_01340,264,2578,2971,203,413
CBNIABCL_01341,106,502,576,75,121
CBNIABCL_01342,45,363,357,42,65
CBNIABCL_01343,78,497,592,47,110
CBNIABCL_01344,93,1045,997,81,110
CBNIABCL_01345,373,3205,4335,400,595
CBNIABCL_01346,251,1362,1725,155,301
CBNIABCL_01347,61,502,488,61,85
CBNIABCL_01348,154,1801,1917,173,208
CBNIABCL_01349,323,2082,2165,234,359
CBNIABCL_01350,123,1229,1158,98,110
CBNIABCL_01351,120,925,819,85,130
CBNIABCL_01352,2303,13750,15340,2777,4721
CBNIABCL_01353,152,1187,1370,118,194
CBNIABCL_01354,277,2487,2613,221,330
CBNIABCL_01355,514,3028,3948,372,658
CBNIABCL_01356,45,249,251,34,64
CBNIABCL_01357,45,248,355,33,54
CBNIABCL_01358,69,598,579,41,79
CBNIABCL_01359,78,1205,1377,81,132
CBNIABCL_01360,68,612,611,69,80
CBNIABCL_01361,24,222,229,24,20
CBNIABCL_01362,89,687,784,70,84
CBNIABCL_01363,189,1373,1533,151,267
CBNIABCL_01364,237,1671,1762,175,249
CBNIABCL_01365,255,1741,1808,168,260
CBNIABCL_01366,32,522,662,36,50
CBNIABCL_01367,101,870,1139,94,143
CBNIABCL_01368,89,672,782,70,111
CBNIABCL_01369,188,1245,1660,180,282
CBNIABCL_01370,80,483,517,71,87
CBNIABCL_01371,20,208,142,6,8
CBNIABCL_01372,69,629,577,48,78
CBNIABCL_01373,82,822,818,43,76
CBNIABCL_01374,91,547,704,75,83
CBNIABCL_01375,160,1165,1377,144,172
CBNIABCL_01376,17,180,110,20,15
CBNIABCL_01377,305,2731,2289,238,286
CBNIABCL_01378,86,497,492,81,89
CBNIABCL_01379,234,1480,1180,183,231
CBNIABCL_01380,270,2585,2008,259,272
CBNIABCL_01381,232,1729,1381,212,275
CBNIABCL_01382,109,902,736,61,99
CBNIABCL_01383,69,741,638,46,75
CBNIABCL_01384,167,1394,1620,138,206
CBNIABCL_01385,77,655,680,70,85
CBNIABCL_01386,141,1631,1148,126,149
CBNIABCL_01387,54,533,564,48,61
CBNIABCL_01388,79,858,717,59,86
CBNIABCL_01389,38,259,241,27,30
CBNIABCL_01390,203,1190,1221,176,219
CBNIABCL_01391,151,1348,789,144,147
CBNIABCL_01392,139,1038,848,143,135
CBNIABCL_01393,120,928,892,102,187
CBNIABCL_01394,100,557,665,81,107
CBNIABCL_01395,233,1623,1556,223,259
CBNIABCL_01396,149,855,815,147,174
CBNIABCL_01397,289,948,1105,188,308
CBNIABCL_01398,372,2430,2245,322,530
CBNIABCL_01399,1027,7091,6062,836,867
CBNIABCL_01401,2548,33854,34971,2302,2691
CBNIABCL_01402,18,500,277,18,24
CBNIABCL_01403,59,503,507,42,47
CBNIABCL_01404,31,241,291,26,37
CBNIABCL_01405,76,638,533,46,50
CBNIABCL_01406,60,826,756,60,78
CBNIABCL_01407,76,740,760,54,87
CBNIABCL_01408,66,801,1025,50,58
CBNIABCL_01409,58,507,579,50,38
CBNIABCL_01410,63,542,526,43,61
CBNIABCL_01411,35,183,200,17,25
CBNIABCL_01412,234,887,1177,140,449
CBNIABCL_01413,254,1349,1754,205,544
CBNIABCL_01414,136,701,543,138,285
CBNIABCL_01415,28,301,233,27,51
CBNIABCL_01416,7,100,137,8,12
CBNIABCL_01417,191,1510,1624,166,179
CBNIABCL_01418,38,288,349,18,24
CBNIABCL_01419,10,160,128,13,12
CBNIABCL_01420,17,227,210,25,21
CBNIABCL_01421,154,1363,1623,139,187
CBNIABCL_01422,29,216,235,29,31
CBNIABCL_01423,113,932,1025,102,148
CBNIABCL_01424,39,252,191,26,42
CBNIABCL_01425,34,612,742,44,42
CBNIABCL_01426,382,4525,6325,295,441
CBNIABCL_01427,988,12476,16935,721,1344
CBNIABCL_01428,33,289,278,26,35
CBNIABCL_01429,14,148,124,6,18
CBNIABCL_01430,80,504,531,74,91
CBNIABCL_01431,10,144,90,8,23
CBNIABCL_01432,0,9,2,0,2
CBNIABCL_01433,4,27,28,1,4
CBNIABCL_01434,26,152,116,13,12
CBNIABCL_01435,30,233,232,18,42
CBNIABCL_01436,5,120,92,4,2
CBNIABCL_01437,242,1903,2883,197,375
CBNIABCL_01438,9,86,134,12,13
CBNIABCL_01439,1,92,86,4,5
CBNIABCL_01440,41,248,305,30,47
CBNIABCL_01441,3,99,126,5,14
CBNIABCL_01442,7,53,77,9,11
CBNIABCL_01443,10,165,186,11,27
CBNIABCL_01444,9,64,131,11,14
CBNIABCL_01445,17,119,170,18,36
CBNIABCL_01446,64,417,565,57,91
CBNIABCL_01447,1,36,20,3,5
CBNIABCL_01448,2,34,57,5,6
CBNIABCL_01449,3,40,82,5,9
CBNIABCL_01450,15,127,171,13,18
CBNIABCL_01451,109,600,962,93,147
CBNIABCL_01452,100,753,1004,51,128
CBNIABCL_01453,21,264,280,19,14
CBNIABCL_01454,2,32,23,0,0
CBNIABCL_01455,35,136,178,19,35
CBNIABCL_01456,83,872,674,75,94
CBNIABCL_01457,71,660,888,87,91
CBNIABCL_01458,186,1504,1962,184,222
CBNIABCL_01459,73,394,672,60,110
CBNIABCL_01460,56,598,600,37,61
CBNIABCL_01461,30,234,210,20,18
CBNIABCL_01462,20,164,168,18,25
CBNIABCL_01463,109,469,543,66,88
CBNIABCL_01464,30,525,443,45,53
CBNIABCL_01465,44,390,465,50,74
CBNIABCL_01466,227,4018,4230,242,316
CBNIABCL_01467,69,440,598,80,122
CBNIABCL_01468,25,210,188,22,22
CBNIABCL_01469,316,2387,2472,209,285
CBNIABCL_01470,21,237,325,24,28
CBNIABCL_01471,325,3994,5734,176,731
CBNIABCL_01472,275,4532,5764,240,636
CBNIABCL_01473,92,1277,1729,96,193
CBNIABCL_01474,57,927,1125,58,119
CBNIABCL_01475,46,864,1230,62,116
CBNIABCL_01476,178,1707,2498,150,334
CBNIABCL_01477,138,2077,2535,168,275
CBNIABCL_01478,20,257,198,15,22
CBNIABCL_01479,0,147,80,11,9
CBNIABCL_01480,19,231,315,29,47
CBNIABCL_01481,44,655,336,44,26
CBNIABCL_01482,29,315,279,19,26
CBNIABCL_01483,6,104,105,5,10
CBNIABCL_01484,5,91,61,4,3
CBNIABCL_01485,11,60,31,6,3
CBNIABCL_01486,30,196,217,15,27
CBNIABCL_01487,8,204,113,8,7
CBNIABCL_01488,0,17,5,1,1
CBNIABCL_01489,3,123,52,4,11
CBNIABCL_01490,9,150,119,4,8
CBNIABCL_01491,11,206,175,12,22
CBNIABCL_01492,0,25,18,2,2
CBNIABCL_01493,7,78,82,8,8
CBNIABCL_01494,0,16,19,1,0
CBNIABCL_01495,6,41,40,0,4
CBNIABCL_01496,11,107,105,8,5
CBNIABCL_01497,0,9,16,1,2
CBNIABCL_01498,2,77,117,9,4
CBNIABCL_01499,4,101,125,3,8
CBNIABCL_01500,9,168,201,7,14
CBNIABCL_01501,14,119,219,7,25
CBNIABCL_01502,16,329,445,30,46
CBNIABCL_01503,3,23,31,4,3
CBNIABCL_01504,13,109,127,8,12
CBNIABCL_01505,0,1,11,1,0
CBNIABCL_01506,8,57,52,6,9
CBNIABCL_01507,3,69,50,9,3
CBNIABCL_01508,0,10,11,3,0
CBNIABCL_01509,1,15,5,4,3
CBNIABCL_01510,0,0,2,0,0
CBNIABCL_01511,3,34,50,3,3
CBNIABCL_01512,0,16,6,1,3
CBNIABCL_01513,0,0,3,0,0
CBNIABCL_01514,2,2,4,0,1
CBNIABCL_01515,0,9,6,1,4
CBNIABCL_01516,0,9,2,1,1
CBNIABCL_01517,0,2,1,0,0
CBNIABCL_01518,2,22,36,3,3
CBNIABCL_01519,3,10,21,2,4
CBNIABCL_01520,0,11,17,0,1
CBNIABCL_01521,0,7,12,0,0
CBNIABCL_01522,2,68,82,1,4
CBNIABCL_01523,0,2,3,0,0
CBNIABCL_01524,2,35,65,3,5
CBNIABCL_01525,1,9,18,0,0
CBNIABCL_01526,1,3,10,0,1
CBNIABCL_01527,1,15,19,1,0
CBNIABCL_01528,2,33,64,2,5
CBNIABCL_01529,4,39,49,2,6
CBNIABCL_01530,6,48,68,4,8
CBNIABCL_01531,2,7,15,1,0
CBNIABCL_01532,2,39,47,6,10
CBNIABCL_01533,4,39,43,5,15
CBNIABCL_01534,0,18,16,1,2
CBNIABCL_01535,35,290,239,21,49
CBNIABCL_01536,25,535,696,14,61
CBNIABCL_01537,0,50,56,2,4
CBNIABCL_01538,20,226,455,15,44
CBNIABCL_01539,5,66,109,5,9
CBNIABCL_01540,13,182,163,14,4
CBNIABCL_01541,47,360,360,44,48
CBNIABCL_01542,48,590,565,44,42
CBNIABCL_01543,59,493,541,41,54
CBNIABCL_01544,547,6274,4701,494,571
CBNIABCL_01545,35,263,189,42,42
CBNIABCL_01546,17,140,123,11,19
CBNIABCL_01547,23,414,275,18,28
CBNIABCL_01548,284,2390,1978,207,293
CBNIABCL_01549,8,90,105,6,8
CBNIABCL_01550,8,54,69,8,7
CBNIABCL_01551,1,10,10,0,0
CBNIABCL_01552,15,77,107,1,8
CBNIABCL_01553,3,3,1,1,1
CBNIABCL_01554,176,1233,1030,135,180
CBNIABCL_01555,131,804,702,117,172
CBNIABCL_01556,256,1723,1630,139,318
CBNIABCL_01557,63,521,405,55,78
CBNIABCL_01558,22,191,208,17,35
CBNIABCL_01559,119,712,739,89,141
CBNIABCL_01560,28,451,372,37,45
CBNIABCL_01561,18,48,38,13,6
CBNIABCL_01562,63,306,311,41,44
CBNIABCL_01563,65,478,428,33,54
CBNIABCL_01564,56,350,304,42,73
CBNIABCL_01565,7,29,48,6,12
CBNIABCL_01566,6,47,71,4,9
CBNIABCL_01567,56,481,438,47,79
CBNIABCL_01568,8,58,42,5,14
CBNIABCL_01569,2,19,16,4,3
CBNIABCL_01570,120,1159,997,99,139
CBNIABCL_01571,71,446,496,48,65
CBNIABCL_01572,23,239,207,17,42
CBNIABCL_01573,23,138,115,11,12
CBNIABCL_01574,24,166,165,11,29
CBNIABCL_01575,23,123,148,13,25
CBNIABCL_01576,47,202,254,25,51
CBNIABCL_01577,7,58,34,7,8
CBNIABCL_01578,8,67,54,5,12
CBNIABCL_01579,7,33,20,3,4
CBNIABCL_01580,8,108,56,6,14
CBNIABCL_01581,0,4,2,0,1
CBNIABCL_01582,3,30,17,1,2
CBNIABCL_01583,18,268,113,14,28
CBNIABCL_01584,253,2938,3591,287,375
CBNIABCL_01585,285,2580,2223,232,262
CBNIABCL_01586,10,28,49,4,9
CBNIABCL_01587,74,701,521,67,90
CBNIABCL_01588,1,13,10,1,1
CBNIABCL_01589,16,161,97,16,13
CBNIABCL_01590,33,232,235,31,34
CBNIABCL_01591,21,134,124,14,13
CBNIABCL_01592,38,181,140,22,20
CBNIABCL_01593,41,197,282,27,36
CBNIABCL_01594,47,487,404,31,55
CBNIABCL_01595,54,337,349,38,58
CBNIABCL_01596,7,18,35,1,3
CBNIABCL_01597,3,45,62,7,15
CBNIABCL_01598,6,32,54,1,14
CBNIABCL_01599,6,26,65,6,7
CBNIABCL_01600,6,58,40,3,11
CBNIABCL_01601,35,327,294,36,61
CBNIABCL_01602,210,2148,1779,169,247
CBNIABCL_01603,18,208,203,14,26
CBNIABCL_01604,32,335,350,31,45
CBNIABCL_01605,21,152,122,13,9
CBNIABCL_01606,29,408,312,31,40
CBNIABCL_01607,23,282,277,28,51
CBNIABCL_01608,6,164,108,8,7
CBNIABCL_01609,8,77,38,6,8
CBNIABCL_01610,1,0,2,0,2
CBNIABCL_01611,14,128,136,14,17
CBNIABCL_01612,41,852,647,29,22
CBNIABCL_01613,284,5504,5520,217,314
CBNIABCL_01614,73,435,503,55,76
CBNIABCL_01615,68,891,804,69,84
CBNIABCL_01616,187,2002,1490,169,200
CBNIABCL_01617,6,141,146,14,12
CBNIABCL_01618,8,101,74,2,6
CBNIABCL_01619,118,710,752,92,181
CBNIABCL_01620,20,129,123,9,21
CBNIABCL_01621,52,305,285,42,29
CBNIABCL_01622,54,348,324,40,56
CBNIABCL_01623,0,10,1,0,1
CBNIABCL_01624,0,23,5,0,2
CBNIABCL_01625,2,23,20,3,2
CBNIABCL_01626,7,60,58,7,9
CBNIABCL_01627,56,314,401,42,87
CBNIABCL_01628,13,69,66,6,13
CBNIABCL_01629,10,124,129,12,17
CBNIABCL_01630,2,64,47,13,6
CBNIABCL_01631,22,159,139,23,20
CBNIABCL_01632,5,76,48,9,14
CBNIABCL_01633,391,3121,3064,330,374
CBNIABCL_01634,17,163,193,15,13
CBNIABCL_01635,8,111,97,7,9
CBNIABCL_01636,5,29,14,1,2
CBNIABCL_01637,10,58,51,3,4
CBNIABCL_01638,31,236,259,35,30
CBNIABCL_01639,126,2862,2005,97,112
CBNIABCL_01640,516,3778,4338,489,693
CBNIABCL_01641,178,1831,1877,107,149
CBNIABCL_01642,85,1419,1075,60,92
CBNIABCL_01643,403,4508,4343,300,463
CBNIABCL_01644,60,286,314,46,75
CBNIABCL_01645,16,138,132,10,12
CBNIABCL_01646,2,35,25,1,5
CBNIABCL_01647,115,614,688,73,83
CBNIABCL_01648,212,3348,2364,141,207
CBNIABCL_01649,924,7054,7641,570,1046
CBNIABCL_01650,63,572,426,51,65
CBNIABCL_01651,8,141,126,9,15
CBNIABCL_01652,20,122,156,10,17
CBNIABCL_01653,4,18,5,0,0
CBNIABCL_01654,8,53,65,4,7
CBNIABCL_01655,60,497,547,55,66
CBNIABCL_01656,51,422,439,34,53
CBNIABCL_01657,73,536,470,66,64
CBNIABCL_01658,116,996,923,79,88
CBNIABCL_01659,89,521,608,63,107
CBNIABCL_01660,203,1638,1209,190,182
CBNIABCL_01661,53,426,412,38,80
CBNIABCL_01662,74,365,338,60,92
CBNIABCL_01663,13,192,141,12,12
CBNIABCL_01664,75,852,619,49,72
CBNIABCL_01665,1279,14168,8794,1263,1376
CBNIABCL_01666,1,18,19,0,2
CBNIABCL_01667,274,874,1058,204,289
CBNIABCL_01668,65,305,397,52,50
CBNIABCL_01669,89,1011,875,88,107
CBNIABCL_01670,30,156,170,22,21
CBNIABCL_01671,8,98,89,5,11
CBNIABCL_01672,175,1279,1220,109,135
CBNIABCL_01673,104,1128,921,91,140
CBNIABCL_01674,1357,13558,15298,1126,1454
CBNIABCL_01675,8,70,75,6,8
CBNIABCL_01676,46,638,527,48,46
CBNIABCL_01677,66,1013,790,64,65
CBNIABCL_01678,54,640,617,40,44
CBNIABCL_01679,143,1731,1405,153,157
CBNIABCL_01680,68,562,368,77,98
CBNIABCL_01681,72,871,813,86,84
CBNIABCL_01682,541,6548,5389,427,625
CBNIABCL_01683,270,1996,1952,183,287
CBNIABCL_01684,75,538,441,70,90
CBNIABCL_01685,3,19,16,2,3
CBNIABCL_01686,15,134,188,10,24
CBNIABCL_01687,3,22,26,2,2
CBNIABCL_01688,15,107,119,12,15
CBNIABCL_01689,9,77,57,4,8
CBNIABCL_01690,6,61,73,8,16
CBNIABCL_01691,90,993,905,69,98
CBNIABCL_01692,43,412,378,26,37
CBNIABCL_01693,73,662,631,54,90
CBNIABCL_01694,10,115,103,15,14
CBNIABCL_01695,38,383,466,40,56
CBNIABCL_01696,30,375,327,35,36
CBNIABCL_01697,54,468,616,48,78
CBNIABCL_01698,7,128,55,1,4
CBNIABCL_01699,39,280,264,24,52
CBNIABCL_01700,214,1669,1549,210,275
CBNIABCL_01701,4,35,35,2,3
CBNIABCL_01702,1019,7042,6656,737,1010
CBNIABCL_01703,4218,21018,26550,3063,6124
CBNIABCL_01704,188,831,1015,157,294
CBNIABCL_01705,235,1418,1595,202,256
CBNIABCL_01706,226,1845,1706,196,269
CBNIABCL_01707,464,3168,3693,314,517
CBNIABCL_01708,53,21,21,24,63
CBNIABCL_01709,159,55,43,132,165
CBNIABCL_01710,34,9,14,26,51
CBNIABCL_01711,4,6,12,5,4
CBNIABCL_01712,61,26,23,33,43
CBNIABCL_01713,85,379,276,61,82
CBNIABCL_01714,117,1231,1278,111,175
CBNIABCL_01715,68,805,722,97,74
CBNIABCL_01716,144,1105,1208,116,179
CBNIABCL_01717,65,494,362,41,65
CBNIABCL_01718,153,1658,1464,113,160
CBNIABCL_01719,354,2886,2916,317,469
CBNIABCL_01720,814,5915,6693,483,911
CBNIABCL_01721,125,1477,1243,78,126
CBNIABCL_01722,203,2259,2207,179,187
CBNIABCL_01723,99,1813,1873,80,187
CBNIABCL_01724,122,1924,2000,107,182
CBNIABCL_01725,188,5145,6047,186,423
CBNIABCL_01726,265,4641,5296,238,417
CBNIABCL_01727,169,2490,2618,117,284
CBNIABCL_01728,81,2011,2113,56,142
CBNIABCL_01729,159,4927,4885,144,302
CBNIABCL_01730,85,1113,801,65,81
CBNIABCL_01731,486,4027,4703,418,552
CBNIABCL_01732,1100,10573,11196,831,1314
CBNIABCL_01733,1240,10752,11983,854,1310
CBNIABCL_01734,232,3798,2857,194,241
CBNIABCL_01735,354,1632,2060,228,385
CBNIABCL_01736,20,147,176,13,42
CBNIABCL_01737,188,1182,1158,148,200
CBNIABCL_01738,367,2911,2895,274,400
CBNIABCL_01739,36,368,427,30,31
CBNIABCL_01740,123,1100,1251,107,100
CBNIABCL_01741,8290,80361,68553,6807,8435
CBNIABCL_01742,945,6110,4534,868,1769
CBNIABCL_01743,205,1642,1764,184,238
CBNIABCL_01744,2140,13365,15954,1046,2401
CBNIABCL_01745,111,1257,767,59,125
CBNIABCL_01746,271,3900,2633,211,258
CBNIABCL_01747,791,13102,12384,654,678
CBNIABCL_01748,11,3788,4340,15,15
CBNIABCL_01749,23,1995,2769,6,18
CBNIABCL_01750,66,4746,5941,46,90
CBNIABCL_01751,37,1541,1838,18,30
CBNIABCL_01752,19,3171,3078,32,41
CBNIABCL_01753,11,1346,1471,12,18
CBNIABCL_01754,86,897,985,77,117
CBNIABCL_01755,5,75,94,7,19
CBNIABCL_01756,23,170,184,10,21
CBNIABCL_01757,20,69,84,6,10
CBNIABCL_01758,9,227,310,12,20
CBNIABCL_01759,634,4787,4930,400,793
CBNIABCL_01761,596,6203,5328,510,651
CBNIABCL_01762,353,3880,3469,269,407
CBNIABCL_01763,283,1664,1473,201,254
CBNIABCL_01764,409,2848,2904,334,476
CBNIABCL_01765,382,2684,3489,253,435
CBNIABCL_01766,176,1668,1462,127,160
CBNIABCL_01767,404,5281,4504,353,407
CBNIABCL_01768,402,3144,3007,321,566
CBNIABCL_01769,516,4575,4509,357,558
CBNIABCL_01770,125,701,661,96,89
CBNIABCL_01771,700,2950,3730,554,752
CBNIABCL_01774,46,303,251,52,75
CBNIABCL_01775,153,970,1086,110,178
CBNIABCL_01776,24,140,183,16,28
CBNIABCL_01777,37,265,332,26,41
CBNIABCL_01778,82,650,554,86,73
CBNIABCL_01779,410,2691,2494,290,462
CBNIABCL_01780,617,4876,4362,476,541
CBNIABCL_01781,71,1007,897,82,85
CBNIABCL_01782,460,2994,2962,393,518
CBNIABCL_01783,196,2034,1727,170,187
CBNIABCL_01784,352,2609,2388,275,404
CBNIABCL_01785,301,2064,1714,192,370
CBNIABCL_01786,794,5223,4420,668,853
CBNIABCL_01787,264,1469,1530,196,300
CBNIABCL_01788,152,1868,1256,139,172
CBNIABCL_01789,436,3455,2885,317,445
CBNIABCL_01790,1214,6681,7162,969,1345
CBNIABCL_01791,652,3888,3424,481,663
CBNIABCL_01792,401,2920,2853,302,432
CBNIABCL_01793,211,1254,963,183,212
CBNIABCL_01794,297,2933,2963,195,248
CBNIABCL_01795,9,385,235,15,7
CBNIABCL_01796,67,531,641,58,77
CBNIABCL_01797,130,1151,975,121,140
CBNIABCL_01798,28,203,204,21,22
CBNIABCL_01799,123,1312,1044,68,104
CBNIABCL_01800,849,6486,6027,591,868
CBNIABCL_01801,228,2023,2057,199,280
CBNIABCL_01802,338,3658,2986,272,383
CBNIABCL_01803,78,810,741,72,67
CBNIABCL_01804,1190,11137,9114,988,1201
CBNIABCL_01805,773,4293,5635,510,701
CBNIABCL_01806,120,923,871,85,90
CBNIABCL_01807,200,1366,1418,181,196
CBNIABCL_01808,398,3069,3033,336,407
CBNIABCL_01809,748,4881,5233,527,795
CBNIABCL_01810,1823,11788,10906,1400,1896
CBNIABCL_01811,79,923,738,56,73
CBNIABCL_01812,383,2662,2490,219,422
CBNIABCL_01813,287,1986,1943,205,316
CBNIABCL_01814,236,1485,1269,167,259
CBNIABCL_01815,691,3798,3803,468,732
CBNIABCL_01816,1509,14695,12854,1308,1633
CBNIABCL_01817,19723,163571,179272,11474,23512
CBNIABCL_01818,1450,22966,18553,938,1799
CBNIABCL_01819,2081,13145,12789,1786,2217
CBNIABCL_01820,59,529,408,47,54
CBNIABCL_01821,51,351,499,44,64
CBNIABCL_01822,291,1896,1652,206,309
CBNIABCL_01823,272,1847,1648,166,319
CBNIABCL_01824,601,5234,4847,478,601
CBNIABCL_01825,262,2530,2223,205,305
CBNIABCL_01826,133,1133,923,104,145
CBNIABCL_01827,765,6730,5176,617,780
CBNIABCL_01828,677,4897,4360,591,731
CBNIABCL_01829,2600,14678,13833,2332,2500
CBNIABCL_01830,234,1440,1438,158,328
CBNIABCL_01831,126,736,842,81,168
CBNIABCL_01832,208,1978,1530,144,187
CBNIABCL_01833,166,988,839,117,123
CBNIABCL_01834,312,1753,1997,212,317
CBNIABCL_01835,351,2150,2083,288,421
CBNIABCL_01836,362,3877,3603,275,345
CBNIABCL_01837,80,1939,1755,80,104
CBNIABCL_01838,921,7903,8030,588,992
CBNIABCL_01839,393,2619,2464,284,351
CBNIABCL_01840,56,566,364,56,55
CBNIABCL_01841,287,2621,2458,222,317
CBNIABCL_01842,261,1281,1927,194,231
CBNIABCL_01843,19,124,172,12,19
CBNIABCL_01844,116,990,832,90,162
CBNIABCL_01845,342,2446,2321,215,385
CBNIABCL_01846,211,2202,1834,128,252
CBNIABCL_01847,251,1204,1320,230,344
CBNIABCL_01848,557,3310,3188,396,532
CBNIABCL_01849,562,5835,4967,503,573
CBNIABCL_01850,267,2521,2274,219,278
CBNIABCL_01851,5,136,90,5,8
CBNIABCL_01852,111,705,758,75,142
CBNIABCL_01853,309,3469,3116,233,321
CBNIABCL_01854,60,883,635,58,63
CBNIABCL_01855,147,2003,2066,120,165
CBNIABCL_01856,581,5081,5299,441,668
CBNIABCL_01857,141,3728,2253,166,134
CBNIABCL_01858,2234,15652,14440,1795,2468
CBNIABCL_01859,635,5334,4097,546,553
CBNIABCL_01860,193,2220,1817,186,194
CBNIABCL_01861,64,388,444,39,65
CBNIABCL_01862,28,581,330,26,22
CBNIABCL_01863,1442,12276,9679,1156,1813
CBNIABCL_01864,1528,11289,10053,1176,1665
CBNIABCL_01865,480,3293,2942,445,465
CBNIABCL_01866,317,2510,2390,224,391
CBNIABCL_01867,506,3545,2982,403,589
CBNIABCL_01869,714,4465,4959,524,841
CBNIABCL_01870,421,2702,2029,320,510
CBNIABCL_01871,164,1098,930,120,220
CBNIABCL_01872,163,1402,1345,135,166
CBNIABCL_01873,700,5871,6948,490,733
CBNIABCL_01874,321,2585,2638,212,286
CBNIABCL_01875,289,2372,2250,206,338
CBNIABCL_01876,112,465,489,53,130
CBNIABCL_01877,170,1368,1144,131,192
CBNIABCL_01878,192,1586,1787,152,218
CBNIABCL_01879,82,1009,795,87,97
CBNIABCL_01880,451,3811,4577,282,492
CBNIABCL_01881,223,3021,2960,209,249
CBNIABCL_01882,32,398,357,20,38
CBNIABCL_01883,3297,22269,27529,2091,4256
CBNIABCL_01884,191,1309,1624,150,251
CBNIABCL_01885,548,3926,3379,447,692
CBNIABCL_01886,192,1032,893,127,195
CBNIABCL_01887,299,1916,1585,244,334
CBNIABCL_01888,1058,5589,6205,810,1285
CBNIABCL_01889,178,1158,1293,143,190
CBNIABCL_01890,198,1159,1356,133,252
CBNIABCL_01891,170,890,1028,125,146
CBNIABCL_01892,57,630,521,44,54
CBNIABCL_01893,99,954,891,73,119
CBNIABCL_01894,167,1149,1414,98,173
CBNIABCL_01895,195,1984,2052,139,199
CBNIABCL_01896,91,2733,2051,76,93
CBNIABCL_01897,73,2636,2126,41,29
CBNIABCL_01898,482,3068,4102,333,550
CBNIABCL_01899,506,3684,3321,347,598
CBNIABCL_01900,331,2343,2292,237,373
CBNIABCL_01901,430,4581,3966,331,415
CBNIABCL_01902,337,3230,3335,241,434
CBNIABCL_01903,291,3949,3738,212,272
CBNIABCL_01904,42,655,494,28,52
CBNIABCL_01905,207,2285,1823,150,167
CBNIABCL_01906,146,2176,2568,121,183
CBNIABCL_01907,302,2869,3170,245,366
CBNIABCL_01908,227,2235,2160,172,262
CBNIABCL_01909,228,2904,2827,201,233
CBNIABCL_01910,39,565,443,25,22
CBNIABCL_01911,129,1211,1292,108,114
CBNIABCL_01912,101,711,701,78,106
CBNIABCL_01913,571,10897,8204,463,454
CBNIABCL_01914,145,905,1265,105,135
CBNIABCL_01915,84,428,566,66,127
CBNIABCL_01916,179,2270,2671,142,191
CBNIABCL_01917,553,2587,3755,381,773
CBNIABCL_01918,209,1555,2021,145,266
CBNIABCL_01919,113,1291,1413,81,177
CBNIABCL_01920,282,3006,3462,211,404
CBNIABCL_01921,228,1386,1354,157,286
CBNIABCL_01922,181,1100,1172,126,259
CBNIABCL_01923,416,3019,3411,248,761
CBNIABCL_01924,10,109,162,11,12
CBNIABCL_01925,7,80,76,9,10
CBNIABCL_01926,0,7,3,0,1
CBNIABCL_01927,27,442,590,19,30
CBNIABCL_01928,102,2031,3017,78,170
CBNIABCL_01929,129,2185,2515,85,158
CBNIABCL_01930,15,203,189,11,16
CBNIABCL_01931,13,85,90,12,22
CBNIABCL_01932,10,172,210,21,13
CBNIABCL_01933,38,753,680,25,37
CBNIABCL_01934,66,969,1018,33,77
CBNIABCL_01935,34,358,652,26,46
CBNIABCL_01936,16,444,378,10,14
CBNIABCL_01937,456,3324,3441,339,636
CBNIABCL_01938,15,985,1230,12,13
CBNIABCL_01939,35,1205,1407,38,29
CBNIABCL_01940,141,1542,2026,153,139
CBNIABCL_01941,233,2987,3004,223,258
CBNIABCL_01942,59,876,691,75,75
CBNIABCL_01944,167,1679,1643,137,187
CBNIABCL_01945,822,5700,7068,567,775
CBNIABCL_01946,1187,7701,10390,842,1285
CBNIABCL_01947,319,2524,3030,208,361
CBNIABCL_01948,94,1336,1437,67,93
CBNIABCL_01949,533,3771,3980,382,536
CBNIABCL_01950,569,4882,5012,387,542
CBNIABCL_01951,103,1044,1178,72,114
CBNIABCL_01952,28,303,323,35,36
CBNIABCL_01953,40,428,468,35,46
CBNIABCL_01954,521,3410,4452,439,504
CBNIABCL_01955,315,3273,3405,277,664
CBNIABCL_01956,133,989,1285,106,126
CBNIABCL_01957,130,981,1471,119,212
CBNIABCL_01958,337,3987,3801,259,388
CBNIABCL_01959,99,1293,1245,84,116
CBNIABCL_01960,512,3063,3698,298,596
CBNIABCL_01961,234,1626,1767,143,238
CBNIABCL_01962,83,388,451,48,85
CBNIABCL_01963,200,1634,1727,155,251
CBNIABCL_01964,139,952,1318,144,174
CBNIABCL_01965,224,1493,1550,160,219
CBNIABCL_01966,15,169,61,14,13
CBNIABCL_01967,207,1052,878,182,188
CBNIABCL_01968,66,636,461,56,73
CBNIABCL_01969,145,878,796,114,142
CBNIABCL_01970,775,5737,4201,601,962
CBNIABCL_01971,770,5033,3538,633,776
CBNIABCL_01972,1090,6518,4777,910,1280
CBNIABCL_01973,63,292,196,44,67
CBNIABCL_01974,336,2248,2039,299,344
CBNIABCL_01975,529,4315,3077,423,574
CBNIABCL_01976,985,6036,5560,760,1069
CBNIABCL_01977,4330,38333,28641,3201,4869
CBNIABCL_01978,2391,14460,14884,1361,2507
CBNIABCL_01979,1293,7448,8110,809,1544
CBNIABCL_01980,1628,11869,11345,1174,1893
CBNIABCL_01981,2699,20713,15516,2208,2628
CBNIABCL_01982,993,5564,4806,766,1058
CBNIABCL_01983,467,4365,3725,410,566
CBNIABCL_01984,349,3348,3875,267,367
CBNIABCL_01985,963,8313,6557,831,1061
CBNIABCL_01986,264,1873,1946,192,239
CBNIABCL_01987,27,239,215,20,34
CBNIABCL_01988,280,2528,2447,229,304
CBNIABCL_01989,223,1777,1633,167,221
CBNIABCL_01990,1238,14020,13104,1013,1394
CBNIABCL_01991,490,3594,3816,353,428
CBNIABCL_01992,43,534,352,46,60
CBNIABCL_01993,550,5913,4376,455,630
CBNIABCL_01994,311,2925,3070,251,280
CBNIABCL_01995,1119,8590,8575,911,1194
CBNIABCL_01996,263,2398,2747,161,249
CBNIABCL_01998,59,885,702,76,101
CBNIABCL_01999,12,228,148,21,13
CBNIABCL_02000,407,3311,3420,339,485
CBNIABCL_02001,239,1895,2284,215,295
CBNIABCL_02002,259,1786,2150,168,296
CBNIABCL_02003,468,3741,4167,342,544
CBNIABCL_02004,226,2216,2513,203,318
CBNIABCL_02005,77,597,701,58,84
CBNIABCL_02006,284,2693,2734,195,408
CBNIABCL_02007,130,1362,1451,115,174
CBNIABCL_02008,244,1935,2808,174,385
CBNIABCL_02009,903,8077,9496,600,957
CBNIABCL_02010,104,3607,3455,115,78
CBNIABCL_02011,152,1572,1585,135,195
CBNIABCL_02012,177,1079,1060,160,198
CBNIABCL_02013,42,279,256,33,40
CBNIABCL_02014,44,339,448,51,61
CBNIABCL_02015,198,668,993,193,232
CBNIABCL_02016,173,1471,1517,160,182
CBNIABCL_02017,341,1917,1742,229,287
CBNIABCL_02018,219,964,1105,165,213
CBNIABCL_02019,91,487,434,56,72
CBNIABCL_02020,281,2570,2442,243,330
CBNIABCL_02021,76,329,273,64,33
CBNIABCL_02022,25,381,252,21,29
CBNIABCL_02023,1165,4972,5676,824,1109
CBNIABCL_02024,407,2158,2572,320,486
CBNIABCL_02025,357,3068,2703,370,313
CBNIABCL_02026,39,289,212,29,26
CBNIABCL_02027,1419,6418,5640,896,1365
CBNIABCL_02028,1965,7294,7911,1264,1799
CBNIABCL_02029,660,3730,5075,496,616
CBNIABCL_02030,177,1766,1860,130,147
CBNIABCL_02031,0,14,8,2,1
CBNIABCL_02032,4,48,81,6,14
CBNIABCL_02033,26,149,199,17,35
CBNIABCL_02034,13,106,85,8,25
CBNIABCL_02035,5,100,92,6,8
CBNIABCL_02036,42,173,246,9,38
CBNIABCL_02037,3,73,45,3,2
CBNIABCL_02038,5,77,114,3,8
CBNIABCL_02039,38,218,311,20,50
CBNIABCL_02040,124,932,1011,74,121
CBNIABCL_02041,90,707,749,87,122
CBNIABCL_02043,14406,168236,120900,13016,10014
CBNIABCL_02044,1120,10187,9564,794,1107
CBNIABCL_02045,290,2996,3139,209,400
CBNIABCL_02046,761,7880,7891,583,725
CBNIABCL_02047,19,213,125,15,18
CBNIABCL_02048,28,117,89,9,15
CBNIABCL_02049,250,1848,2075,184,301
CBNIABCL_02050,2908,24302,22577,1936,3425
CBNIABCL_02051,2841,14936,18284,1678,3432
CBNIABCL_02052,2248,15523,16177,1758,2521
CBNIABCL_02053,99,867,883,95,127
CBNIABCL_02054,216,1400,1416,185,210
CBNIABCL_02055,77,652,531,70,65
CBNIABCL_02056,1599,14426,15477,1257,1790
CBNIABCL_02057,32,252,245,18,44
CBNIABCL_02058,224,1347,2221,225,294
CBNIABCL_02059,16,332,315,30,26
CBNIABCL_02060,86,618,772,69,115
CBNIABCL_02061,10,281,180,12,19
CBNIABCL_02062,123,1073,1354,107,167
CBNIABCL_02063,101,679,918,88,102
CBNIABCL_02064,169,1743,1514,142,135
CBNIABCL_02065,158,1531,1715,137,201
CBNIABCL_02066,420,3824,4511,347,613
CBNIABCL_02067,71,421,509,46,54
CBNIABCL_02068,168,1269,1477,152,275
CBNIABCL_02069,237,2058,1975,202,319
CBNIABCL_02070,457,3374,4601,347,594
CBNIABCL_02071,75,939,759,62,71
CBNIABCL_02072,33,527,458,44,54
CBNIABCL_02073,156,1646,1383,119,137
CBNIABCL_02074,63,502,602,64,79
CBNIABCL_02075,168,1373,1267,115,145
CBNIABCL_02076,178,1201,1254,139,188
CBNIABCL_02077,217,1867,1742,180,201
CBNIABCL_02078,70,520,475,45,62
CBNIABCL_02079,64,438,422,57,60
CBNIABCL_02080,164,1091,1157,127,155
CBNIABCL_02081,166,1040,906,136,177
CBNIABCL_02082,339,3995,3944,344,427
CBNIABCL_02083,136,744,1172,97,169
CBNIABCL_02084,1904,14086,11775,1417,2318
CBNIABCL_02085,632,3460,2965,488,698
CBNIABCL_02086,568,1842,1903,429,712
CBNIABCL_02087,1309,6357,5977,1042,1142
CBNIABCL_02088,856,6411,7239,679,893
CBNIABCL_02089,206,2298,1753,156,250
CBNIABCL_02090,382,2195,2429,230,499
CBNIABCL_02091,5660,20432,25780,3181,7872
CBNIABCL_02092,641,7961,5514,556,919
CBNIABCL_02093,3771,22227,19172,3300,3642
CBNIABCL_02094,1479,4399,5875,981,1700
CBNIABCL_02096,70,864,706,66,90
CBNIABCL_02097,412,4467,4735,320,388
CBNIABCL_02098,98,466,629,93,115
CBNIABCL_02099,2299,16860,18328,1721,2123
CBNIABCL_02100,40,553,555,39,41
CBNIABCL_02101,4,192,89,5,5
CBNIABCL_02102,6,326,214,1,14
CBNIABCL_02103,9,286,241,5,4
CBNIABCL_02104,146,1549,1570,126,163
CBNIABCL_02105,276,2102,2448,180,451
CBNIABCL_02106,46,377,431,44,72
CBNIABCL_02107,89,969,1120,83,116
CBNIABCL_02108,243,1984,2637,229,359
CBNIABCL_02109,214,489,573,176,377
CBNIABCL_02110,66,506,617,48,79
CBNIABCL_02111,59,515,606,39,83
CBNIABCL_02112,36,765,693,39,50
CBNIABCL_02113,26,551,712,22,63
CBNIABCL_02114,18,211,234,17,15
CBNIABCL_02115,20,336,381,21,29
CBNIABCL_02116,34,336,342,19,25
CBNIABCL_02117,26,585,495,12,4
CBNIABCL_02118,0,5,6,0,0
CBNIABCL_02119,11,118,84,9,8
CBNIABCL_02120,26,450,428,18,33
CBNIABCL_02121,16,255,215,11,20
CBNIABCL_02122,6,184,140,2,2
CBNIABCL_02123,3,150,160,5,2
CBNIABCL_02124,2,85,84,0,0
CBNIABCL_02125,21,277,254,13,18
CBNIABCL_02126,2,131,163,3,12
CBNIABCL_02127,55,681,636,44,67
CBNIABCL_02128,24,466,465,31,47
CBNIABCL_02129,45,479,518,42,56
CBNIABCL_02130,46,650,580,35,68
CBNIABCL_02131,50,593,558,34,58
CBNIABCL_02132,34,358,337,22,24
CBNIABCL_02133,84,489,596,53,103
CBNIABCL_02134,7,302,269,16,10
CBNIABCL_02135,0,162,127,8,6
CBNIABCL_02136,2,277,108,9,0
CBNIABCL_02137,9,380,239,3,12
CBNIABCL_02138,26,378,253,16,12
CBNIABCL_02139,15,191,156,10,12
CBNIABCL_02140,84,1245,823,78,82
CBNIABCL_02141,70,713,488,45,61
CBNIABCL_02142,36,537,428,35,52
CBNIABCL_02143,39,315,299,22,37
CBNIABCL_02144,47,422,361,27,46
CBNIABCL_02145,64,480,364,35,52
CBNIABCL_02146,25,204,214,22,18
CBNIABCL_02147,48,513,541,54,75
CBNIABCL_02148,42,371,333,23,30
CBNIABCL_02149,0,21,11,1,0
CBNIABCL_02150,52,1310,1029,42,42
CBNIABCL_02151,34,349,333,14,27
CBNIABCL_02152,90,1068,804,70,79
CBNIABCL_02153,71,3586,2899,46,29
CBNIABCL_02154,17,352,324,9,17
CBNIABCL_02155,879,9116,9407,580,1044
CBNIABCL_02156,435,4378,5027,336,438
CBNIABCL_02157,23,291,347,21,26
CBNIABCL_02158,2563,29529,28911,1804,5497
CBNIABCL_02159,254,2468,3127,192,361
CBNIABCL_02160,94,1154,1156,90,130
CBNIABCL_02161,143,1260,1420,108,140
CBNIABCL_02162,113,528,671,91,147
CBNIABCL_02163,3,46,19,2,6
CBNIABCL_02164,166,1162,1634,115,394
CBNIABCL_02165,133,1245,1554,110,259
CBNIABCL_02166,288,2397,3103,175,663
CBNIABCL_02167,24,533,537,29,28
CBNIABCL_02168,717,6919,7717,525,823
CBNIABCL_02169,22,367,272,20,33
CBNIABCL_02170,344,1783,2440,240,462
CBNIABCL_02171,359,3396,3976,326,778
CBNIABCL_02172,402,2448,2798,276,728
CBNIABCL_02173,281,1579,1863,207,496
CBNIABCL_02174,266,2118,2587,249,558
CBNIABCL_02175,173,1487,2119,139,373
CBNIABCL_02176,361,1506,2208,221,633
CBNIABCL_02177,4,137,313,7,26
CBNIABCL_02178,483,5567,6769,429,748
CBNIABCL_02179,139,1379,1859,121,176
CBNIABCL_02180,174,1412,1612,191,241
CBNIABCL_02181,67,654,632,58,71
CBNIABCL_02182,135,1066,1088,132,200
CBNIABCL_02183,269,1513,1849,218,365
CBNIABCL_02184,212,1729,2924,158,320
CBNIABCL_02185,300,2365,2967,175,385
CBNIABCL_02186,75,415,559,52,84
CBNIABCL_02188,96,704,589,55,125
CBNIABCL_02189,287,1509,1693,258,393
CBNIABCL_02190,56,667,648,44,49
CBNIABCL_02191,511,2688,3132,470,743
CBNIABCL_02192,31,775,905,19,34
CBNIABCL_02193,13,163,118,9,22
CBNIABCL_02194,82,551,765,45,108
CBNIABCL_02195,76,942,923,72,84
CBNIABCL_02196,111,1539,1658,99,139
CBNIABCL_02197,155,2131,2369,138,173
CBNIABCL_02198,459,3924,4833,340,534
CBNIABCL_02199,293,1806,2890,208,282
CBNIABCL_02202,169,1276,1346,136,201
CBNIABCL_02203,122,1010,1330,125,170
CBNIABCL_02204,218,1772,1802,165,271
CBNIABCL_02205,177,1217,1536,138,234
CBNIABCL_02206,62,440,577,56,112
CBNIABCL_02207,40,567,726,47,81
CBNIABCL_02208,202,4254,4678,181,329
CBNIABCL_02209,153,1376,1963,128,270
CBNIABCL_02210,257,2076,2565,208,379
CBNIABCL_02211,83,987,1041,67,133
CBNIABCL_02212,62,514,671,51,72
CBNIABCL_02213,21,139,128,15,11
CBNIABCL_02214,21,299,211,24,19
CBNIABCL_02215,20,438,374,15,29
CBNIABCL_02216,23,399,412,44,56
CBNIABCL_02217,21,620,320,30,33
CBNIABCL_02218,72,436,519,61,222
CBNIABCL_02219,133,1033,1077,108,268
CBNIABCL_02220,22,193,195,24,63
CBNIABCL_02221,4,16,23,0,1
CBNIABCL_02222,18,50,98,12,37
CBNIABCL_02223,29,149,188,14,73
CBNIABCL_02224,273,1879,2394,199,403
CBNIABCL_02225,93,1012,992,88,145
CBNIABCL_02226,97,839,996,96,119
CBNIABCL_02227,210,1006,1438,122,298
CBNIABCL_02228,23,230,287,17,26
CBNIABCL_02229,79,736,651,43,94
CBNIABCL_02230,140,650,765,93,222
CBNIABCL_02231,228,1106,1641,130,418
CBNIABCL_02232,133,1121,1685,93,193
CBNIABCL_02233,238,780,1399,145,301
CBNIABCL_02234,21,85,95,10,15
CBNIABCL_02235,79,271,456,59,91
CBNIABCL_02236,66,942,640,71,114
CBNIABCL_02237,168,1981,2360,136,206
CBNIABCL_02238,1995,23965,36588,1656,2285
CBNIABCL_02239,30,285,247,15,23
CBNIABCL_02240,34,321,304,29,38
CBNIABCL_02242,105,1198,1373,74,104
CBNIABCL_02243,88,1533,1495,59,91
CBNIABCL_02244,39,614,376,33,54
CBNIABCL_02245,1057,9743,12161,585,1611
CBNIABCL_02246,9,25,26,5,5
CBNIABCL_02247,173,1377,1681,130,215
CBNIABCL_02248,274,551,609,248,270
CBNIABCL_02249,32,8,10,19,19
CBNIABCL_02250,381,129,130,268,311
CBNIABCL_02251,410,14579,9560,403,445
CBNIABCL_02252,652,5136,6070,483,768
CBNIABCL_02253,215,1232,1569,125,226
CBNIABCL_02254,171,1599,1844,136,192
CBNIABCL_02255,684,5122,5791,472,450
CBNIABCL_02256,1003,7636,11196,580,976
CBNIABCL_02257,747,5231,6785,453,535
CBNIABCL_02258,616,5558,6218,481,462
CBNIABCL_02259,449,3181,4027,283,459
CBNIABCL_02260,687,6751,7917,604,669
CBNIABCL_02261,43,531,408,45,45
CBNIABCL_02262,7,173,105,7,7
CBNIABCL_02263,218,2046,2227,151,196
CBNIABCL_02264,287,2243,3155,202,346
CBNIABCL_02265,202,1478,1807,143,186
CBNIABCL_02266,82,805,680,62,51
CBNIABCL_02267,137,1741,1751,131,143
CBNIABCL_02268,25,284,215,16,33
CBNIABCL_02269,120,969,1155,99,166
CBNIABCL_02270,40,435,356,37,40
CBNIABCL_02271,30,765,599,22,18
CBNIABCL_02272,60,641,713,51,66
CBNIABCL_02273,151,1519,1942,146,200
CBNIABCL_02274,529,4213,4452,399,633
CBNIABCL_02275,651,7870,9877,523,845
CBNIABCL_02276,1080,7642,10112,677,1221
CBNIABCL_02277,332,2114,3042,219,416
CBNIABCL_02278,201,2622,2670,149,239
CBNIABCL_02279,104,1344,1253,91,79
CBNIABCL_02280,216,2079,2753,187,267
CBNIABCL_02281,11,100,152,7,10
CBNIABCL_02282,15,133,153,12,11
CBNIABCL_02283,326,2336,3071,239,336
CBNIABCL_02284,938,5790,6920,642,1240
CBNIABCL_02285,489,4019,4909,405,712
CBNIABCL_02286,37,584,612,51,58
CBNIABCL_02287,109,568,779,80,145
CBNIABCL_02288,288,1584,1994,227,252
CBNIABCL_02289,177,2534,1809,108,141
CBNIABCL_02290,9,82,145,8,18
CBNIABCL_02291,0,4,2,0,1
CBNIABCL_02292,21,138,214,12,34
CBNIABCL_02293,5,155,262,11,12
CBNIABCL_02294,3,42,35,3,8
CBNIABCL_02295,72,575,609,39,59
CBNIABCL_02296,0,0,7,0,0
CBNIABCL_02297,3,36,27,6,3
CBNIABCL_02298,0,4,3,0,0
CBNIABCL_02299,16,135,184,12,11
CBNIABCL_02300,59,549,625,31,52
CBNIABCL_02302,703,4894,6028,482,828
CBNIABCL_02303,85,601,630,47,104
CBNIABCL_02304,101,864,985,63,119
CBNIABCL_02305,124,1103,1362,90,131
CBNIABCL_02306,140,1378,1551,124,178
CBNIABCL_02307,804,6017,4846,542,751
CBNIABCL_02308,3160,23520,26716,1959,3520
CBNIABCL_02309,99,480,716,67,104
CBNIABCL_02310,36,1188,913,27,38
CBNIABCL_02311,398,3357,3591,245,389
CBNIABCL_02312,73,726,749,56,81
CBNIABCL_02313,234,1817,2469,173,290
CBNIABCL_02314,238,2147,1374,281,346
CBNIABCL_02316,39,303,273,33,61
CBNIABCL_02317,43,403,392,36,52
CBNIABCL_02318,1344,7869,8992,1036,1876
CBNIABCL_02319,1048,5560,5992,764,1226
CBNIABCL_02320,67,516,436,82,112
CBNIABCL_02321,114,450,538,64,151
CBNIABCL_02322,435,2263,2813,452,679
CBNIABCL_02323,30,289,232,33,38
CBNIABCL_02324,99,468,515,74,131
CBNIABCL_02326,69,1191,839,78,75
CBNIABCL_02327,188,900,1176,129,186
CBNIABCL_02329,14,106,91,7,22
CBNIABCL_02330,49,327,352,60,109
CBNIABCL_02331,113,409,390,85,236
CBNIABCL_02332,271,552,787,145,635
CBNIABCL_02333,178,277,311,93,331
CBNIABCL_02334,171,639,687,112,357
CBNIABCL_02335,62,361,475,58,52
CBNIABCL_02336,115,1004,889,118,88
CBNIABCL_02337,1,28,42,5,6
CBNIABCL_02338,12,132,148,8,18
CBNIABCL_02339,14,107,122,10,21
CBNIABCL_02340,2,20,36,0,2
CBNIABCL_02341,99,1045,1599,88,163
CBNIABCL_02342,567,4886,5288,399,557
CBNIABCL_02343,466,6528,6786,336,451
CBNIABCL_02344,528,3465,4222,432,664
CBNIABCL_02345,185,2344,2908,181,314
CBNIABCL_02346,196,1520,1707,176,201
CBNIABCL_02347,551,8890,10720,501,849
CBNIABCL_02348,709,6696,7344,578,920
CBNIABCL_02349,1044,10141,12512,801,1598
CBNIABCL_02350,248,2655,2960,194,352
CBNIABCL_02351,869,7470,8960,611,997
CBNIABCL_02352,178,2178,3011,125,324
CBNIABCL_02353,80,2039,1500,63,78
CBNIABCL_02354,1423,5579,8396,1189,1736
CBNIABCL_02355,43,573,866,29,69
CBNIABCL_02356,49,377,442,47,54
CBNIABCL_02357,115,1865,2083,107,153
CBNIABCL_02358,5,164,115,4,9
CBNIABCL_02359,6,166,153,9,13
CBNIABCL_02360,42,648,693,40,41
CBNIABCL_02361,9,253,154,6,10
CBNIABCL_02362,32,384,393,53,70
CBNIABCL_02363,115,1113,1108,109,132
CBNIABCL_02364,70,561,630,48,91
CBNIABCL_02365,5,43,32,2,4
CBNIABCL_02366,120,1039,1176,113,187
CBNIABCL_02367,395,3742,4270,344,516
CBNIABCL_02368,78,764,1164,92,158
CBNIABCL_02369,61,443,485,38,65
CBNIABCL_02370,1,108,107,3,13
CBNIABCL_02371,84,528,725,56,87
CBNIABCL_02372,10,89,112,9,13
CBNIABCL_02373,87,1110,1332,90,143
CBNIABCL_02374,18,403,322,19,10
CBNIABCL_02375,1,3,4,2,3
CBNIABCL_02376,4,38,58,2,12
CBNIABCL_02377,8,68,58,7,7
CBNIABCL_02378,12,131,171,14,19
CBNIABCL_02379,36,399,428,28,68
CBNIABCL_02380,547,3683,4529,412,809
CBNIABCL_02381,36,374,328,27,56
CBNIABCL_02382,21,244,273,36,34
CBNIABCL_02383,1,52,63,7,2
CBNIABCL_02384,77,454,472,50,75
CBNIABCL_02385,24,302,301,29,25
CBNIABCL_02386,379,2453,2215,331,316
CBNIABCL_02387,2024,7216,9435,1722,2353
CBNIABCL_02388,612,4903,5892,487,901
CBNIABCL_02389,149,805,1086,116,130
CBNIABCL_02390,41,379,442,32,65
CBNIABCL_02391,103,955,1066,104,140
CBNIABCL_02392,418,3396,3562,314,435
CBNIABCL_02393,721,3603,4807,471,1065
CBNIABCL_02394,31,181,270,23,49
CBNIABCL_02395,57,425,510,42,85
CBNIABCL_02396,44,416,501,36,82
CBNIABCL_02397,203,1577,1768,153,233
CBNIABCL_02398,166,994,1439,144,235
CBNIABCL_02399,80,468,597,67,102
CBNIABCL_02400,23,259,185,27,19
CBNIABCL_02401,69,568,505,66,83
CBNIABCL_02402,29,212,175,24,22
CBNIABCL_02403,526,2447,3090,316,482
CBNIABCL_02404,127,1040,1482,90,173
CBNIABCL_02405,120,1129,1607,93,131
CBNIABCL_02406,5,62,38,5,7
CBNIABCL_02407,66,305,270,40,66
CBNIABCL_02408,137,896,1073,114,169
CBNIABCL_02409,119,964,1205,120,152
CBNIABCL_02410,64,361,280,49,69
CBNIABCL_02411,373,1117,1128,245,554
CBNIABCL_02412,29486,175343,150289,19384,34257
CBNIABCL_02414,66,700,691,60,80
CBNIABCL_02415,39,593,523,30,15
CBNIABCL_02416,131,1569,1338,109,182
CBNIABCL_02417,576,4833,4918,488,778
CBNIABCL_02418,86,396,371,67,188
CBNIABCL_02419,69,534,668,78,169
CBNIABCL_02420,422,1391,1745,265,672
CBNIABCL_02421,1472,11236,11670,1782,1728
CBNIABCL_02422,98,622,765,99,154
CBNIABCL_02423,50,627,828,41,69
CBNIABCL_02424,17,219,306,25,25
CBNIABCL_02425,20,214,262,18,31
CBNIABCL_02426,9,186,239,9,25
CBNIABCL_02427,52,661,692,63,101
CBNIABCL_02428,80,836,961,66,121
CBNIABCL_02429,32,414,622,37,55
CBNIABCL_02430,69,1079,1302,75,115
CBNIABCL_02431,92,1495,1754,73,123
CBNIABCL_02432,305,3378,3347,275,416
CBNIABCL_02433,167,2559,3353,177,301
CBNIABCL_02434,20,380,446,36,47
CBNIABCL_02435,22,325,290,13,21
CBNIABCL_02436,118,1088,989,91,131
CBNIABCL_02437,37,193,274,30,71
CBNIABCL_02438,1,22,12,0,3
CBNIABCL_02439,117,709,892,100,157
CBNIABCL_02440,199,1460,1800,187,314
CBNIABCL_02441,129,853,952,99,185
CBNIABCL_02442,2512,20593,23957,2371,4031
CBNIABCL_02443,32,369,423,54,48
CBNIABCL_02444,79,498,591,43,86
CBNIABCL_02445,4,81,63,2,6
CBNIABCL_02446,3,76,98,10,8
CBNIABCL_02447,65,1469,1196,42,52
CBNIABCL_02448,556,3519,4814,430,847
CBNIABCL_02449,11,54,82,18,56
CBNIABCL_02450,36,78,85,31,118
CBNIABCL_02451,16,49,63,15,48
CBNIABCL_02452,48,251,281,36,91
CBNIABCL_02453,946,6570,6895,676,920
CBNIABCL_02454,31,383,575,37,59
CBNIABCL_02455,13,234,174,7,11
CBNIABCL_02456,73,828,921,54,93
CBNIABCL_02457,185,1327,1327,152,207
CBNIABCL_02458,42,311,393,40,70
CBNIABCL_02459,8,433,354,15,25
CBNIABCL_02460,20,758,686,24,28
CBNIABCL_02461,55,907,763,44,59
CBNIABCL_02462,86,1621,1889,71,176
CBNIABCL_02463,17,749,750,25,33
CBNIABCL_02464,119,2985,2875,92,175
CBNIABCL_02465,33,777,689,34,65
CBNIABCL_02466,7,262,290,10,4
CBNIABCL_02467,21,885,1119,7,11
CBNIABCL_02468,8,1092,1101,8,13
CBNIABCL_02469,16,1741,1688,15,12
CBNIABCL_02470,7,1168,1082,9,15
CBNIABCL_02471,9,562,534,5,2
CBNIABCL_02472,7,231,267,6,2
CBNIABCL_02473,6,197,142,5,0
CBNIABCL_02474,8,222,313,6,5
CBNIABCL_02475,3,375,466,3,4
CBNIABCL_02476,6,279,346,2,1
CBNIABCL_02477,18,1825,1621,15,11
CBNIABCL_02478,54,2285,2886,59,62
CBNIABCL_02479,4,416,527,7,9
CBNIABCL_02480,28,1167,1455,20,26
CBNIABCL_02481,24,1105,1054,10,7
CBNIABCL_02482,12,726,575,15,9
CBNIABCL_02483,14,1242,1479,10,21
CBNIABCL_02484,9,542,423,9,8
CBNIABCL_02485,42,1469,1407,33,17
CBNIABCL_02486,65,2560,2710,39,36
CBNIABCL_02487,8,372,408,3,7
CBNIABCL_02488,9,398,472,5,12
CBNIABCL_02489,19,805,808,6,28
CBNIABCL_02490,19,1482,1741,33,40
CBNIABCL_02491,14,1285,1304,16,18
CBNIABCL_02492,53,2895,3057,30,25
CBNIABCL_02493,369,1633,1762,278,402
CBNIABCL_02494,153,1082,1232,104,178
CBNIABCL_02495,45,511,482,41,54
CBNIABCL_02496,79,865,808,71,86
CBNIABCL_02497,14,131,89,11,16
CBNIABCL_02498,62,528,401,53,53
CBNIABCL_02499,324,3833,3375,252,348
CBNIABCL_02500,379,3523,3380,243,415
CBNIABCL_02501,90,930,1076,85,131
CBNIABCL_02502,164,1473,1474,123,155
CBNIABCL_02503,8,128,120,8,11
CBNIABCL_02504,1,13,12,0,0
CBNIABCL_02505,607,5022,6070,518,645
CBNIABCL_02506,86,1685,1592,77,81
CBNIABCL_02507,11,682,738,6,12
CBNIABCL_02508,128,1750,2334,59,181
CBNIABCL_02509,302,4853,5508,171,397
CBNIABCL_02510,153,1478,1343,88,161
CBNIABCL_02511,285,1962,1925,279,256
CBNIABCL_02512,154,1179,1473,126,160
CBNIABCL_02513,91,732,608,63,98
CBNIABCL_02514,472,4654,4830,352,541
CBNIABCL_02515,351,3525,3450,235,362
CBNIABCL_02516,52,1628,1031,50,51
CBNIABCL_02517,173,912,830,117,167
CBNIABCL_02518,98,662,654,77,116
CBNIABCL_02519,113,642,742,75,115
CBNIABCL_02520,332,1311,1991,267,428
CBNIABCL_02521,207,1617,1778,159,216
CBNIABCL_02522,307,3759,3330,268,274
CBNIABCL_02523,109,1141,1015,86,116
CBNIABCL_02524,0,24,9,1,0
CBNIABCL_02525,309,2378,2800,303,347
CBNIABCL_02526,242,1832,1736,150,206
CBNIABCL_02527,63,564,442,48,48
CBNIABCL_02528,108,1404,1074,120,137
CBNIABCL_02529,354,3030,2682,268,402
CBNIABCL_02530,114,777,897,83,109
CBNIABCL_02531,32,257,281,25,21
CBNIABCL_02532,65,557,524,50,75
CBNIABCL_02533,103,926,850,77,100
CBNIABCL_02537,260,1008,1300,164,293
CBNIABCL_02538,2,20,6,2,0
CBNIABCL_02539,45,456,358,27,47
CBNIABCL_02540,245,1740,1568,155,242
CBNIABCL_02541,241,1456,1659,199,284
CBNIABCL_02544,401,2808,3249,285,368
CBNIABCL_02546,818,7442,7485,564,1013
CBNIABCL_02547,0,71,72,3,1
CBNIABCL_02548,233,1439,1784,197,253
CBNIABCL_02549,173,1215,1618,155,232
CBNIABCL_02550,267,2358,2649,207,288
CBNIABCL_02551,60,625,520,53,74
CBNIABCL_02552,543,2490,2949,452,615
CBNIABCL_02553,67,373,452,46,58
CBNIABCL_02554,142,1434,1109,102,122
CBNIABCL_02555,187,2182,2006,158,194
CBNIABCL_02556,2,32,32,0,0
CBNIABCL_02557,168,2056,2122,155,177
CBNIABCL_02559,41,358,458,25,43
CBNIABCL_02560,28,227,282,12,28
CBNIABCL_02561,50,924,867,33,41
CBNIABCL_02562,71,627,648,52,76
CBNIABCL_02563,1,14,25,0,1
CBNIABCL_02564,283,1841,2250,233,327
CBNIABCL_02565,314,1485,1803,232,262
CBNIABCL_02566,428,3936,4200,342,500
CBNIABCL_02567,1337,11461,15609,893,1750
CBNIABCL_02568,1955,19564,18382,1419,2038
CBNIABCL_02569,418,1693,2271,255,554
CBNIABCL_02570,62,399,347,26,59
CBNIABCL_02571,131,1090,943,126,131
CBNIABCL_02572,555,3970,3448,415,611
CBNIABCL_02573,245,1551,1357,191,272
CBNIABCL_02574,111,578,568,84,111
CBNIABCL_02575,29,450,411,40,29
CBNIABCL_02576,72,659,586,35,67
CBNIABCL_02577,541,3731,3862,396,505
CBNIABCL_02578,652,6625,6091,544,597
CBNIABCL_02579,420,6061,6304,382,525
CBNIABCL_02580,34,345,277,31,32
CBNIABCL_02581,32,312,276,24,30
CBNIABCL_02582,40,267,225,16,41
CBNIABCL_02583,63,616,642,45,69
CBNIABCL_02584,23,113,95,14,8
CBNIABCL_02585,314,1714,2037,234,348
CBNIABCL_02586,847,4287,4101,611,714
 
